ClassName;NMD+NAD;nmdNadBound;LCOM5;lcom5Bound;ControllerClass;nbDataClass
org.apache.catalina.AccessLog;1.0;47.5;0.0;2.916666666666667;0;0
org.apache.catalina.Authenticator;2.0;47.5;0.0;2.916666666666667;0;0
org.apache.catalina.CatalinaFactory;5.0;47.5;1.5;2.916666666666667;0;0
org.apache.catalina.Cluster;11.0;47.5;0.0;2.916666666666667;0;0
org.apache.catalina.Contained;2.0;47.5;0.0;2.916666666666667;0;0
org.apache.catalina.Container;43.0;47.5;1.0277777777777777;2.916666666666667;0;0
org.apache.catalina.ContainerEvent;8.0;47.5;1.3333333333333333;2.916666666666667;0;0
org.apache.catalina.ContainerListener;1.0;47.5;0.0;2.916666666666667;0;0
org.apache.catalina.ContainerServlet;2.0;47.5;0.0;2.916666666666667;0;0
org.apache.catalina.Context;145.0;47.5;1.0071428571428571;2.916666666666667;0;0
org.apache.catalina.Engine;6.0;47.5;0.0;2.916666666666667;0;0
org.apache.catalina.Executor;2.0;47.5;0.0;2.916666666666667;0;0
org.apache.catalina.Globals;39.0;47.5;0.0;2.916666666666667;0;0
org.apache.catalina.Group;11.0;47.5;0.0;2.916666666666667;0;0
org.apache.catalina.Host;20.0;47.5;1.0588235294117647;2.916666666666667;0;0
org.apache.catalina.InstanceEvent;32.0;47.5;1.1666666666666667;2.916666666666667;0;0
org.apache.catalina.InstanceListener;1.0;47.5;0.0;2.916666666666667;0;0
org.apache.catalina.Lifecycle;19.0;47.5;1.1428571428571428;2.916666666666667;0;0
org.apache.catalina.LifecycleEvent;8.0;47.5;1.5;2.916666666666667;0;0
org.apache.catalina.LifecycleException;9.0;47.5;1.25;2.916666666666667;0;0
org.apache.catalina.LifecycleListener;1.0;47.5;0.0;2.916666666666667;0;0
org.apache.catalina.Loader;14.0;47.5;0.0;2.916666666666667;0;0
org.apache.catalina.Manager;35.0;47.5;0.0;2.916666666666667;0;0
org.apache.catalina.Pipeline;9.0;47.5;0.0;2.916666666666667;0;0
org.apache.catalina.Realm;13.0;47.5;0.0;2.916666666666667;0;0
org.apache.catalina.Role;5.0;47.5;0.0;2.916666666666667;0;0
org.apache.catalina.Server;14.0;47.5;0.0;2.916666666666667;0;0
org.apache.catalina.Service;14.0;47.5;0.0;2.916666666666667;0;0
org.apache.catalina.Session;36.0;47.5;1.032258064516129;2.916666666666667;0;0
org.apache.catalina.SessionEvent;8.0;47.5;1.3333333333333333;2.916666666666667;0;0
org.apache.catalina.SessionListener;1.0;47.5;0.0;2.916666666666667;0;0
org.apache.catalina.Store;11.0;47.5;0.0;2.916666666666667;0;0
org.apache.catalina.User;17.0;47.5;0.0;2.916666666666667;0;0
org.apache.catalina.UserDatabase;16.0;47.5;0.0;2.916666666666667;0;0
org.apache.catalina.Valve;7.0;47.5;0.0;2.916666666666667;0;0
org.apache.catalina.Wrapper;41.0;47.5;1.0263157894736843;2.916666666666667;0;0
org.apache.catalina.ant.AbstractCatalinaTask;17.0;47.5;1.1;2.916666666666667;0;0
org.apache.catalina.ant.BaseRedirectorHelperTask;31.0;47.5;1.0315789470547123;2.916666666666667;0;0
org.apache.catalina.ant.DeployTask;20.0;47.5;1.0694444440305233;2.916666666666667;0;0
org.apache.catalina.ant.JKStatusUpdateTask;44.0;47.5;1.0280612241476774;2.916666666666667;0;0
org.apache.catalina.ant.JMXGetTask;8.0;47.5;1.25;2.916666666666667;0;0
org.apache.catalina.ant.JMXQueryTask;5.0;47.5;1.5;2.916666666666667;0;0
org.apache.catalina.ant.JMXSetTask;11.0;47.5;1.1666666666666667;2.916666666666667;0;0
org.apache.catalina.ant.ListTask;2.0;47.5;0.0;2.916666666666667;0;0
org.apache.catalina.ant.ReloadTask;5.0;47.5;1.5;2.916666666666667;0;0
org.apache.catalina.ant.ResourcesTask;5.0;47.5;1.5;2.916666666666667;0;0
org.apache.catalina.ant.RolesTask;2.0;47.5;0.0;2.916666666666667;0;0
org.apache.catalina.ant.ServerinfoTask;2.0;47.5;0.0;2.916666666666667;0;0
org.apache.catalina.ant.SessionsTask;5.0;47.5;1.5;2.916666666666667;0;0
org.apache.catalina.ant.StartTask;5.0;47.5;1.5;2.916666666666667;0;0
org.apache.catalina.ant.StopTask;5.0;47.5;1.5;2.916666666666667;0;0
org.apache.catalina.ant.UndeployTask;5.0;47.5;1.5;2.916666666666667;0;0
org.apache.catalina.ant.ValidatorTask;5.0;47.5;1.5;2.916666666666667;0;0
org.apache.catalina.ant.jmx.Arg;8.0;47.5;1.25;2.916666666666667;0;0
org.apache.catalina.ant.jmx.JMXAccessorCondition;47.0;47.5;1.032258064516129;2.916666666666667;0;0
org.apache.catalina.ant.jmx.JMXAccessorCreateTask;15.0;47.5;1.1111111111111112;2.916666666666667;0;0
org.apache.catalina.ant.jmx.JMXAccessorEqualsCondition;33.0;47.5;1.0476190476190477;2.916666666666667;0;0
org.apache.catalina.ant.jmx.JMXAccessorGetTask;8.0;47.5;1.25;2.916666666666667;0;0
org.apache.catalina.ant.jmx.JMXAccessorInvokeTask;12.0;47.5;1.1428571428571428;2.916666666666667;0;0
org.apache.catalina.ant.jmx.JMXAccessorQueryTask;9.0;47.5;1.2;2.916666666666667;0;0
org.apache.catalina.ant.jmx.JMXAccessorSetTask;18.0;47.5;1.0909090909090908;2.916666666666667;0;0
org.apache.catalina.ant.jmx.JMXAccessorTask;60.0;47.5;1.021520803432639;2.916666666666667;0;0
org.apache.catalina.ant.jmx.JMXAccessorUnregisterTask;5.0;47.5;1.5;2.916666666666667;0;0
org.apache.catalina.authenticator.AuthenticatorBase;47.0;47.5;1.0378947368264198;2.916666666666667;0;0
org.apache.catalina.authenticator.BasicAuthenticator;5.0;47.5;2.0;2.916666666666667;0;0
org.apache.catalina.authenticator.Constants;20.0;47.5;0.0;2.916666666666667;0;0
org.apache.catalina.authenticator.DigestAuthenticator;14.0;47.5;1.0571428558656148;2.916666666666667;0;0
org.apache.catalina.authenticator.FormAuthenticator;14.0;47.5;1.1111111111111112;2.916666666666667;0;0
org.apache.catalina.authenticator.NonLoginAuthenticator;4.0;47.5;2.0;2.916666666666667;0;0
org.apache.catalina.authenticator.SSLAuthenticator;4.0;47.5;2.0;2.916666666666667;0;0
org.apache.catalina.authenticator.SavedRequest;30.0;47.5;1.005847952867809;2.916666666666667;0;0
org.apache.catalina.authenticator.SingleSignOn;22.0;47.5;1.0714285714285714;2.916666666666667;0;0
org.apache.catalina.authenticator.SingleSignOnEntry;17.0;47.5;1.125;2.916666666666667;0;0
org.apache.catalina.comet.CometEvent;6.0;47.5;0.0;2.916666666666667;0;0
org.apache.catalina.comet.CometFilter;1.0;47.5;0.0;2.916666666666667;0;0
org.apache.catalina.comet.CometFilterChain;1.0;47.5;0.0;2.916666666666667;0;0
org.apache.catalina.comet.CometProcessor;1.0;47.5;0.0;2.916666666666667;0;0
org.apache.catalina.connector.ClientAbortException;10.0;47.5;1.3333333283662796;2.916666666666667;0;0
org.apache.catalina.connector.CometEventImpl;16.0;47.5;1.1111111111111112;2.916666666666667;0;0
org.apache.catalina.connector.Connector;84.0;47.5;1.0179045092887604;2.916666666666667;0;0
org.apache.catalina.connector.Constants;8.0;47.5;0.0;2.916666666666667;0;0
org.apache.catalina.connector.CoyoteAdapter;22.0;47.5;1.0833333333333333;2.916666666666667;0;0
org.apache.catalina.connector.CoyoteInputStream;10.0;47.5;1.1428571428571428;2.916666666666667;0;0
org.apache.catalina.connector.CoyoteOutputStream;9.0;47.5;1.1666666666666667;2.916666666666667;0;0
org.apache.catalina.connector.CoyotePrincipal;5.0;47.5;2.0;2.916666666666667;0;0
org.apache.catalina.connector.CoyoteReader;17.0;47.5;1.0909090909090908;2.916666666666667;0;0
org.apache.catalina.connector.CoyoteWriter;34.0;47.5;1.0344827586206897;2.916666666666667;0;0
org.apache.catalina.connector.InputBuffer;41.0;47.5;1.0476190476190477;2.916666666666667;0;0
org.apache.catalina.connector.MapperListener;20.0;47.5;1.0769230769230769;2.916666666666667;0;0
org.apache.catalina.connector.OutputBuffer;48.0;47.5;1.0333333333333334;2.916666666666667;0;0
org.apache.catalina.connector.Request;208.0;47.5;1.0036904760574301;2.916666666666667;0;0
org.apache.catalina.connector.RequestFacade;72.0;47.5;1.0147058823529411;2.916666666666667;0;0
org.apache.catalina.connector.Response;96.0;47.5;1.0119298245509465;2.916666666666667;0;0
org.apache.catalina.connector.ResponseFacade;43.0;47.5;1.0256410256410255;2.916666666666667;0;0
org.apache.catalina.core.ApplicationContext;82.0;47.5;1.0029296875;2.916666666666667;0;0
org.apache.catalina.core.ApplicationContextFacade;61.0;47.5;1.0059523805975914;2.916666666666667;0;0
org.apache.catalina.core.ApplicationDispatcher;28.0;47.5;1.0769230769230769;2.916666666666667;0;0
org.apache.catalina.core.ApplicationFilterChain;25.0;47.5;1.1;2.916666666666667;0;0
org.apache.catalina.core.ApplicationFilterConfig;24.0;47.5;1.0714285714285714;2.916666666666667;0;0
org.apache.catalina.core.ApplicationFilterFactory;10.0;47.5;1.2;2.916666666666667;0;0
org.apache.catalina.core.ApplicationFilterRegistration;15.0;47.5;1.1;2.916666666666667;0;0
org.apache.catalina.core.ApplicationHttpRequest;54.0;47.5;1.011764705819743;2.916666666666667;0;0
org.apache.catalina.core.ApplicationHttpResponse;26.0;47.5;1.05;2.916666666666667;0;0
org.apache.catalina.core.ApplicationJspConfigDescriptor;5.0;47.5;2.0;2.916666666666667;0;0
org.apache.catalina.core.ApplicationJspPropertyGroupDescriptor;14.0;47.5;1.0909090909090908;2.916666666666667;0;0
org.apache.catalina.core.ApplicationPart;14.0;47.5;1.1;2.916666666666667;0;0
org.apache.catalina.core.ApplicationRequest;10.0;47.5;0.799999988079071;2.916666666666667;0;0
org.apache.catalina.core.ApplicationResponse;12.0;47.5;1.1428571428571428;2.916666666666667;0;0
org.apache.catalina.core.ApplicationServletRegistration;18.0;47.5;1.0769230769230769;2.916666666666667;0;0
org.apache.catalina.core.ApplicationSessionCookieConfig;28.0;47.5;1.0588235294117647;2.916666666666667;0;0
org.apache.catalina.core.ApplicationTaglibDescriptor;7.0;47.5;0.6666666666666666;2.916666666666667;0;0
org.apache.catalina.core.AprLifecycleListener;25.0;47.5;1.125;2.916666666666667;0;0
org.apache.catalina.core.AsyncContextImpl;40.0;47.5;0.9865319850268187;2.916666666666667;0;0
org.apache.catalina.core.AsyncListenerWrapper;7.0;47.5;1.25;2.916666666666667;0;0
org.apache.catalina.core.Constants;7.0;47.5;0.0;2.916666666666667;0;0
org.apache.catalina.core.ContainerBase;71.0;47.5;1.0087040615208605;2.916666666666667;0;0
org.apache.catalina.core.DefaultInstanceManager;24.0;47.5;1.0598290597016995;2.916666666666667;1;0
org.apache.catalina.core.DummyRequest;138.0;47.5;1.0078740157480315;2.916666666666667;0;0
org.apache.catalina.core.DummyResponse;67.0;47.5;0.0;2.916666666666667;0;0
org.apache.catalina.core.JasperListener;4.0;47.5;0.0;2.916666666666667;0;0
org.apache.catalina.core.JreMemoryLeakPreventionListener;22.0;47.5;1.0833333333333333;2.916666666666667;0;0
org.apache.catalina.core.NamingContextListener;38.0;47.5;0.9854545438289642;2.916666666666667;0;0
org.apache.catalina.core.StandardContext;393.0;47.5;1.0024889729566115;2.916666666666667;0;0
org.apache.catalina.core.StandardContextValve;9.0;47.5;1.25;2.916666666666667;0;0
org.apache.catalina.core.StandardEngine;24.0;47.5;1.0666666666666667;2.916666666666667;0;0
org.apache.catalina.core.StandardEngineValve;6.0;47.5;1.5;2.916666666666667;0;0
org.apache.catalina.core.StandardHost;58.0;47.5;1.0196078431147795;2.916666666666667;0;0
org.apache.catalina.core.StandardHostValve;13.0;47.5;1.1666666666666667;2.916666666666667;0;0
org.apache.catalina.core.StandardPipeline;23.0;47.5;1.0666666666666667;2.916666666666667;0;0
org.apache.catalina.core.StandardServer;48.0;47.5;1.01875;2.916666666666667;0;0
org.apache.catalina.core.StandardService;34.0;47.5;1.0193236713176188;2.916666666666667;0;0
org.apache.catalina.core.StandardThreadExecutor;46.0;47.5;1.0303030303030303;2.916666666666667;0;0
org.apache.catalina.core.StandardWrapper;124.0;47.5;1.004521963771346;2.916666666666667;0;0
org.apache.catalina.core.StandardWrapperFacade;7.0;47.5;1.3333333333333333;2.916666666666667;0;0
org.apache.catalina.core.StandardWrapperValve;21.0;47.5;1.0769230769230769;2.916666666666667;0;0
org.apache.catalina.deploy.ApplicationParameter;15.0;47.5;1.125;2.916666666666667;0;0
org.apache.catalina.deploy.Constants;2.0;47.5;0.0;2.916666666666667;0;0
org.apache.catalina.deploy.ContextEjb;12.0;47.5;1.1666666666666667;2.916666666666667;0;0
org.apache.catalina.deploy.ContextEnvironment;9.0;47.5;1.25;2.916666666666667;0;0
org.apache.catalina.deploy.ContextHandler;19.0;47.5;0.9333333310981592;2.916666666666667;0;0
org.apache.catalina.deploy.ContextLocalEjb;12.0;47.5;1.1666666666666667;2.916666666666667;0;0
org.apache.catalina.deploy.ContextResource;9.0;47.5;1.25;2.916666666666667;0;0
org.apache.catalina.deploy.ContextResourceEnvRef;6.0;47.5;1.5;2.916666666666667;0;0
org.apache.catalina.deploy.ContextResourceLink;9.0;47.5;1.25;2.916666666666667;0;0
org.apache.catalina.deploy.ContextService;37.0;47.5;1.0384615384615385;2.916666666666667;0;0
org.apache.catalina.deploy.ContextTransaction;11.0;47.5;0.9444444378217062;2.916666666666667;0;0
org.apache.catalina.deploy.ErrorPage;14.0;47.5;1.125;2.916666666666667;0;0
org.apache.catalina.deploy.FilterDef;30.0;47.5;1.0499999999172158;2.916666666666667;0;0
org.apache.catalina.deploy.FilterMap;26.0;47.5;1.0909090909090908;2.916666666666667;0;0
org.apache.catalina.deploy.Injectable;3.0;47.5;0.0;2.916666666666667;0;0
org.apache.catalina.deploy.InjectionTarget;8.0;47.5;1.3333333333333333;2.916666666666667;0;0
org.apache.catalina.deploy.JspPropertyGroup;37.0;47.5;1.0362318838420121;2.916666666666667;0;0
org.apache.catalina.deploy.LoginConfig;18.0;47.5;0.9399999976158142;2.916666666666667;0;0
org.apache.catalina.deploy.MessageDestination;12.0;47.5;1.1666666666666667;2.916666666666667;0;0
org.apache.catalina.deploy.MessageDestinationRef;9.0;47.5;1.25;2.916666666666667;0;0
org.apache.catalina.deploy.MultipartDef;15.0;47.5;0.8888888888888888;2.916666666666667;0;0
org.apache.catalina.deploy.NamingResources;54.0;47.5;0.9566074924973341;2.916666666666667;0;0
org.apache.catalina.deploy.ResourceBase;22.0;47.5;1.0329670310020447;2.916666666666667;0;0
org.apache.catalina.deploy.SecurityCollection;28.0;47.5;1.0084033590905808;2.916666666666667;0;0
org.apache.catalina.deploy.SecurityConstraint;28.0;47.5;1.0451127816187709;2.916666666666667;0;0
org.apache.catalina.deploy.SecurityRoleRef;8.0;47.5;1.25;2.916666666666667;0;0
org.apache.catalina.deploy.ServletDef;45.0;47.5;1.033333333209157;2.916666666666667;0;1
org.apache.catalina.deploy.SessionConfig;28.0;47.5;1.0588235294117647;2.916666666666667;0;0
org.apache.catalina.deploy.WebXml;132.0;47.5;1.0018498940003473;2.916666666666667;0;2
org.apache.catalina.filters.AddDefaultCharsetFilter;4.0;47.5;0.0;2.916666666666667;0;0
org.apache.catalina.filters.Constants;5.0;47.5;0.0;2.916666666666667;0;0
org.apache.catalina.filters.CsrfPreventionFilter;9.0;47.5;1.0833333333333333;2.916666666666667;0;0
org.apache.catalina.filters.FilterBase;5.0;47.5;2.0;2.916666666666667;0;0
org.apache.catalina.filters.RemoteAddrFilter;5.0;47.5;1.5;2.916666666666667;0;0
org.apache.catalina.filters.RemoteHostFilter;5.0;47.5;1.5;2.916666666666667;0;0
org.apache.catalina.filters.RemoteIpFilter;42.0;47.5;1.0404040403664112;2.916666666666667;0;0
org.apache.catalina.filters.RequestDumperFilter;10.0;47.5;1.1875;2.916666666666667;0;0
org.apache.catalina.filters.RequestFilter;16.0;47.5;1.074999999254942;2.916666666666667;0;0
org.apache.catalina.filters.WebdavFixFilter;10.0;47.5;1.25;2.916666666666667;0;0
org.apache.catalina.ha.CatalinaCluster;21.0;47.5;1.0526315789473684;2.916666666666667;0;0
org.apache.catalina.ha.ClusterDeployer;8.0;47.5;1.1666666666666667;2.916666666666667;0;0
org.apache.catalina.ha.ClusterListener;11.0;47.5;1.2;2.916666666666667;0;0
org.apache.catalina.ha.ClusterManager;15.0;47.5;0.0;2.916666666666667;0;0
org.apache.catalina.ha.ClusterMessage;6.0;47.5;0.0;2.916666666666667;0;0
org.apache.catalina.ha.ClusterMessageBase;11.0;47.5;1.2;2.916666666666667;0;0
org.apache.catalina.ha.ClusterRuleSet;4.0;47.5;0.0;2.916666666666667;0;0
org.apache.catalina.ha.ClusterSession;2.0;47.5;0.0;2.916666666666667;0;0
org.apache.catalina.ha.ClusterValve;2.0;47.5;0.0;2.916666666666667;0;0
org.apache.catalina.ha.Constants;2.0;47.5;0.0;2.916666666666667;0;0
org.apache.catalina.ha.authenticator.ClusterSingleSignOn;22.0;47.5;1.0625;2.916666666666667;0;0
org.apache.catalina.ha.authenticator.ClusterSingleSignOnListener;10.0;47.5;1.2;2.916666666666667;0;0
org.apache.catalina.ha.authenticator.SingleSignOnMessage;38.0;47.5;1.05;2.916666666666667;0;0
org.apache.catalina.ha.backend.CollectedInfo;9.0;47.5;1.4999999850988388;2.916666666666667;0;0
org.apache.catalina.ha.backend.HeartbeatListener;25.0;47.5;1.0769230769230769;2.916666666666667;0;0
org.apache.catalina.ha.backend.MultiCastSender;7.0;47.5;1.75;2.916666666666667;0;0
org.apache.catalina.ha.backend.Proxy;4.0;47.5;0.0;2.916666666666667;0;0
org.apache.catalina.ha.backend.Sender;2.0;47.5;0.0;2.916666666666667;0;0
org.apache.catalina.ha.backend.TcpSender;10.0;47.5;1.083333320915699;2.916666666666667;0;0
org.apache.catalina.ha.context.ReplicatedContext;11.0;47.5;1.1666666666666667;2.916666666666667;0;0
org.apache.catalina.ha.deploy.FarmWarDeployer;57.0;47.5;1.020123838986221;2.916666666666667;0;0
org.apache.catalina.ha.deploy.FileChangeListener;2.0;47.5;0.0;2.916666666666667;0;0
org.apache.catalina.ha.deploy.FileMessage;22.0;47.5;1.0769230769230769;2.916666666666667;0;0
org.apache.catalina.ha.deploy.FileMessageFactory;22.0;47.5;1.0952380920449893;2.916666666666667;0;0
org.apache.catalina.ha.deploy.UndeployMessage;23.0;47.5;1.0769230769230769;2.916666666666667;0;0
org.apache.catalina.ha.deploy.WarWatcher;13.0;47.5;1.0;2.916666666666667;0;0
org.apache.catalina.ha.jmx.ClusterJmxHelper;13.0;47.5;1.1428571428571428;2.916666666666667;0;0
org.apache.catalina.ha.session.BackupManager;39.0;47.5;1.0333333333333334;2.916666666666667;1;0
org.apache.catalina.ha.session.ClusterManagerBase;5.0;47.5;0.0;2.916666666666667;1;0
org.apache.catalina.ha.session.ClusterSessionListener;6.0;47.5;1.5;2.916666666666667;0;0
org.apache.catalina.ha.session.Constants;2.0;47.5;0.0;2.916666666666667;0;0
org.apache.catalina.ha.session.DeltaManager;137.0;47.5;1.010752688172043;2.916666666666667;1;0
org.apache.catalina.ha.session.DeltaRequest;33.0;47.5;1.0133333305517833;2.916666666666667;0;0
org.apache.catalina.ha.session.DeltaSession;57.0;47.5;1.015197568117304;2.916666666666667;0;0
org.apache.catalina.ha.session.JvmRouteBinderValve;26.0;47.5;1.0588235294117647;2.916666666666667;0;0
org.apache.catalina.ha.session.JvmRouteSessionIDBinderListener;12.0;47.5;1.2;2.916666666666667;0;0
org.apache.catalina.ha.session.ReplicatedSession;31.0;47.5;1.04;2.916666666666667;0;0
org.apache.catalina.ha.session.SerializablePrincipal;21.0;47.5;1.1111111111111112;2.916666666666667;0;0
org.apache.catalina.ha.session.SessionIDMessage;18.0;47.5;1.0909090909090908;2.916666666666667;0;0
org.apache.catalina.ha.session.SessionMessage;13.0;47.5;1.25;2.916666666666667;0;0
org.apache.catalina.ha.session.SessionMessageImpl;20.0;47.5;1.1111111111111112;2.916666666666667;0;0
org.apache.catalina.ha.session.SimpleTcpReplicationManager;49.0;47.5;1.024999999674037;2.916666666666667;1;0
org.apache.catalina.ha.session.StandardSessionContext;4.0;47.5;2.0;2.916666666666667;0;0
org.apache.catalina.ha.tcp.Constants;2.0;47.5;0.0;2.916666666666667;0;0
org.apache.catalina.ha.tcp.ReplicationValve;52.0;47.5;1.028520499102094;2.916666666666667;0;0
org.apache.catalina.ha.tcp.SendMessageData;10.0;47.5;1.2;2.916666666666667;0;0
org.apache.catalina.ha.tcp.SimpleTcpCluster;92.0;47.5;1.01300169588601;2.916666666666667;0;0
org.apache.catalina.ha.util.IDynamicProperty;4.0;47.5;0.0;2.916666666666667;0;0
org.apache.catalina.loader.Constants;2.0;47.5;0.0;2.916666666666667;0;0
org.apache.catalina.loader.JdbcLeakPrevention;2.0;47.5;0.0;2.916666666666667;0;0
org.apache.catalina.loader.ResourceEntry;8.0;47.5;0.0;2.916666666666667;0;0
org.apache.catalina.loader.StandardClassLoader;2.0;47.5;0.0;2.916666666666667;0;0
org.apache.catalina.loader.StandardClassLoaderMBean;0.0;47.5;0.0;2.916666666666667;0;0
org.apache.catalina.loader.VirtualWebappLoader;8.0;47.5;1.3333333333333333;2.916666666666667;0;0
org.apache.catalina.loader.WebappClassLoader;119.0;47.5;1.0040485829305954;2.916666666666667;0;0
org.apache.catalina.loader.WebappLoader;54.0;47.5;1.0092592582934432;2.916666666666667;0;0
org.apache.catalina.manager.Constants;12.0;47.5;0.0;2.916666666666667;0;0
org.apache.catalina.manager.HTMLManagerServlet;44.0;47.5;1.037647058814764;2.916666666666667;1;0
org.apache.catalina.manager.JMXProxyServlet;11.0;47.5;0.9285714285714286;2.916666666666667;0;0
org.apache.catalina.manager.JspHelper;16.0;47.5;1.0909090909090908;2.916666666666667;0;0
org.apache.catalina.manager.ManagerServlet;49.0;47.5;1.013574660043506;2.916666666666667;1;0
org.apache.catalina.manager.StatusManagerServlet;11.0;47.5;0.777777761220932;2.916666666666667;1;0
org.apache.catalina.manager.StatusTransformer;21.0;47.5;0.0;2.916666666666667;0;0
org.apache.catalina.manager.host.Constants;10.0;47.5;0.0;2.916666666666667;0;0
org.apache.catalina.manager.host.HTMLHostManagerServlet;16.0;47.5;1.1666666666666667;2.916666666666667;1;0
org.apache.catalina.manager.host.HostManagerServlet;22.0;47.5;1.0833333333333333;2.916666666666667;1;0
org.apache.catalina.manager.util.BaseSessionComparator;3.0;47.5;0.0;2.916666666666667;0;0
org.apache.catalina.manager.util.ReverseComparator;3.0;47.5;0.0;2.916666666666667;0;0
org.apache.catalina.manager.util.SessionUtils;12.0;47.5;1.2;2.916666666666667;0;0
org.apache.catalina.mbeans.ClassNameMBean;2.0;47.5;0.0;2.916666666666667;0;0
org.apache.catalina.mbeans.ConnectorMBean;3.0;47.5;0.0;2.916666666666667;0;0
org.apache.catalina.mbeans.Constants;2.0;47.5;0.0;2.916666666666667;0;0
org.apache.catalina.mbeans.ContextEnvironmentMBean;2.0;47.5;0.0;2.916666666666667;0;0
org.apache.catalina.mbeans.ContextResourceLinkMBean;3.0;47.5;0.0;2.916666666666667;0;0
org.apache.catalina.mbeans.ContextResourceMBean;3.0;47.5;0.0;2.916666666666667;0;0
org.apache.catalina.mbeans.GlobalResourcesLifecycleListener;9.0;47.5;1.25;2.916666666666667;0;0
org.apache.catalina.mbeans.GroupMBean;8.0;47.5;1.3333333333333333;2.916666666666667;0;0
org.apache.catalina.mbeans.JmxRemoteLifecycleListener;24.0;47.5;1.1111111111111112;2.916666666666667;0;0
org.apache.catalina.mbeans.MBeanFactory;38.0;47.5;1.0101010094989429;2.916666666666667;0;0
org.apache.catalina.mbeans.MBeanUtils;60.0;47.5;0.8796296296296297;2.916666666666667;0;0
org.apache.catalina.mbeans.MemoryUserDatabaseMBean;19.0;47.5;1.0909090909090908;2.916666666666667;0;0
org.apache.catalina.mbeans.NamingResourcesMBean;12.0;47.5;1.125;2.916666666666667;0;0
org.apache.catalina.mbeans.RoleMBean;4.0;47.5;0.0;2.916666666666667;0;0
org.apache.catalina.mbeans.ServerLifecycleListener;35.0;47.5;1.032258064516129;2.916666666666667;0;0
org.apache.catalina.mbeans.UserMBean;10.0;47.5;1.2;2.916666666666667;0;0
org.apache.catalina.realm.CombinedRealm;14.0;47.5;1.1;2.916666666666667;0;0
org.apache.catalina.realm.Constants;7.0;47.5;0.0;2.916666666666667;0;0
org.apache.catalina.realm.DataSourceRealm;40.0;47.5;1.037037037037037;2.916666666666667;0;0
org.apache.catalina.realm.GenericPrincipal;16.0;47.5;1.133333332836628;2.916666666666667;0;0
org.apache.catalina.realm.JAASCallbackHandler;14.0;47.5;0.0;2.916666666666667;0;0
org.apache.catalina.realm.JAASMemoryLoginModule;15.0;47.5;1.125;2.916666666666667;0;0
org.apache.catalina.realm.JAASRealm;30.0;47.5;1.0409356724274785;2.916666666666667;0;0
org.apache.catalina.realm.JDBCRealm;48.0;47.5;1.015053762543586;2.916666666666667;0;0
org.apache.catalina.realm.JNDIRealm;107.0;47.5;1.012414383561644;2.916666666666667;0;0
org.apache.catalina.realm.LockOutRealm;23.0;47.5;1.0333333323399225;2.916666666666667;0;0
org.apache.catalina.realm.MemoryRealm;18.0;47.5;1.1;2.916666666666667;0;0
org.apache.catalina.realm.MemoryRuleSet;4.0;47.5;0.0;2.916666666666667;0;0
org.apache.catalina.realm.MemoryUserRule;2.0;47.5;0.0;2.916666666666667;0;0
org.apache.catalina.realm.RealmBase;56.0;47.5;1.0154440149262145;2.916666666666667;0;0
org.apache.catalina.realm.UserDatabaseRealm;14.0;47.5;1.125;2.916666666666667;0;0
org.apache.catalina.security.SecurityClassLoad;9.0;47.5;0.0;2.916666666666667;0;0
org.apache.catalina.security.SecurityConfig;11.0;47.5;1.3333333333333333;2.916666666666667;0;0
org.apache.catalina.security.SecurityUtil;29.0;47.5;1.0764705881476402;2.916666666666667;0;0
org.apache.catalina.servlets.CGIServlet;13.0;47.5;1.2916666666666667;2.916666666666667;0;0
org.apache.catalina.servlets.Constants;2.0;47.5;0.0;2.916666666666667;0;0
org.apache.catalina.servlets.DefaultServlet;58.0;47.5;1.0277777777777777;2.916666666666667;0;0
org.apache.catalina.servlets.WebdavServlet;54.0;47.5;1.0119047611951828;2.916666666666667;0;1
org.apache.catalina.servlets.WebdavStatus;30.0;47.5;1.925925925374031;2.916666666666667;0;0
org.apache.catalina.session.Constants;2.0;47.5;0.0;2.916666666666667;0;0
org.apache.catalina.session.FileStore;20.0;47.5;1.0694444440305233;2.916666666666667;0;0
org.apache.catalina.session.JDBCStore;62.0;47.5;1.0082256165710655;2.916666666666667;0;0
org.apache.catalina.session.ManagerBase;99.0;47.5;1.007246376487656;2.916666666666667;1;0
org.apache.catalina.session.PersistentManager;5.0;47.5;2.0;2.916666666666667;1;0
org.apache.catalina.session.PersistentManagerBase;49.0;47.5;1.0261904761195182;2.916666666666667;1;0
org.apache.catalina.session.StandardManager;26.0;47.5;1.0504201676915674;2.916666666666667;1;0
org.apache.catalina.session.StandardSession;88.0;47.5;1.003205127703647;2.916666666666667;0;0
org.apache.catalina.session.StandardSessionContext;4.0;47.5;2.0;2.916666666666667;0;0
org.apache.catalina.session.StandardSessionFacade;20.0;47.5;1.0625;2.916666666666667;0;0
org.apache.catalina.session.StoreBase;18.0;47.5;1.0363636355508457;2.916666666666667;0;0
org.apache.catalina.ssi.ByteArrayServletOutputStream;4.0;47.5;0.0;2.916666666666667;0;0
org.apache.catalina.ssi.ExpressionParseTree;12.0;47.5;0.9999999850988388;2.916666666666667;0;0
org.apache.catalina.ssi.ExpressionTokenizer;23.0;47.5;1.25;2.916666666666667;0;0
org.apache.catalina.ssi.ResponseIncludeWrapper;23.0;47.5;1.072727271914482;2.916666666666667;0;0
org.apache.catalina.ssi.SSICommand;1.0;47.5;0.0;2.916666666666667;0;0
org.apache.catalina.ssi.SSIConditional;4.0;47.5;0.0;2.916666666666667;0;0
org.apache.catalina.ssi.SSIConditionalState;4.0;47.5;0.0;2.916666666666667;0;0
org.apache.catalina.ssi.SSIConfig;2.0;47.5;0.0;2.916666666666667;0;0
org.apache.catalina.ssi.SSIEcho;5.0;47.5;2.0;2.916666666666667;0;0
org.apache.catalina.ssi.SSIExec;4.0;47.5;0.0;2.916666666666667;0;0
org.apache.catalina.ssi.SSIExternalResolver;8.0;47.5;0.0;2.916666666666667;0;0
org.apache.catalina.ssi.SSIFilter;10.0;47.5;1.3333333283662796;2.916666666666667;0;0
org.apache.catalina.ssi.SSIFlastmod;3.0;47.5;0.0;2.916666666666667;0;0
org.apache.catalina.ssi.SSIFsize;7.0;47.5;1.3333333333333333;2.916666666666667;0;0
org.apache.catalina.ssi.SSIInclude;2.0;47.5;0.0;2.916666666666667;0;0
org.apache.catalina.ssi.SSIMediator;36.0;47.5;1.0476190476190477;2.916666666666667;0;0
org.apache.catalina.ssi.SSIPrintenv;2.0;47.5;0.0;2.916666666666667;0;0
org.apache.catalina.ssi.SSIProcessor;16.0;47.5;1.08333333209157;2.916666666666667;1;0
org.apache.catalina.ssi.SSIServlet;12.0;47.5;1.25;2.916666666666667;0;0
org.apache.catalina.ssi.SSIServletExternalResolver;28.0;47.5;1.0526315789473684;2.916666666666667;0;0
org.apache.catalina.ssi.SSIServletRequestUtil;2.0;47.5;0.0;2.916666666666667;0;0
org.apache.catalina.ssi.SSISet;2.0;47.5;0.0;2.916666666666667;0;0
org.apache.catalina.ssi.SSIStopProcessingException;1.0;47.5;0.0;2.916666666666667;1;0
org.apache.catalina.startup.AbsoluteOrderingRule;2.0;47.5;0.0;2.916666666666667;0;0
org.apache.catalina.startup.Bootstrap;28.0;47.5;0.9791666666666666;2.916666666666667;0;0
org.apache.catalina.startup.CallMethodMultiRule;3.0;47.5;0.0;2.916666666666667;0;0
org.apache.catalina.startup.CallParamMultiRule;2.0;47.5;0.0;2.916666666666667;0;0
org.apache.catalina.startup.Catalina;40.0;47.5;1.037037037037037;2.916666666666667;0;0
org.apache.catalina.startup.CatalinaProperties;9.0;47.5;0.9;2.916666666666667;0;0
org.apache.catalina.startup.ClassLoaderFactory;8.0;47.5;2.0;2.916666666666667;0;0
org.apache.catalina.startup.ClusterRuleSetFactory;4.0;47.5;2.0;2.916666666666667;0;0
org.apache.catalina.startup.ConnectorCreateRule;5.0;47.5;1.5;2.916666666666667;0;0
org.apache.catalina.startup.Constants;60.0;47.5;0.0;2.916666666666667;0;0
org.apache.catalina.startup.ContextConfig;68.0;47.5;1.0211640211443107;2.916666666666667;0;0
org.apache.catalina.startup.ContextRuleSet;6.0;47.5;0.0;2.916666666666667;0;0
org.apache.catalina.startup.CopyParentClassLoaderRule;2.0;47.5;0.0;2.916666666666667;0;0
org.apache.catalina.startup.DigesterFactory;7.0;47.5;1.25;2.916666666666667;0;0
org.apache.catalina.startup.Embedded;48.0;47.5;1.0285714285714285;2.916666666666667;0;0
org.apache.catalina.startup.EngineConfig;7.0;47.5;1.5;2.916666666666667;0;0
org.apache.catalina.startup.EngineRuleSet;4.0;47.5;0.0;2.916666666666667;0;0
org.apache.catalina.startup.ExpandWar;12.0;47.5;1.125;2.916666666666667;0;0
org.apache.catalina.startup.HomesUserDatabase;8.0;47.5;0.875;2.916666666666667;0;1
org.apache.catalina.startup.HostConfig;64.0;47.5;1.001307189464569;2.916666666666667;0;0
org.apache.catalina.startup.HostRuleSet;4.0;47.5;0.0;2.916666666666667;0;0
org.apache.catalina.startup.IgnoreAnnotationsRule;2.0;47.5;0.0;2.916666666666667;0;0
org.apache.catalina.startup.LifecycleListenerRule;4.0;47.5;0.0;2.916666666666667;0;0
org.apache.catalina.startup.NamingRuleSet;4.0;47.5;0.0;2.916666666666667;0;0
org.apache.catalina.startup.PasswdUserDatabase;9.0;47.5;0.9999999925494194;2.916666666666667;0;1
org.apache.catalina.startup.RealmRuleSet;4.0;47.5;0.0;2.916666666666667;0;0
org.apache.catalina.startup.RelativeOrderingRule;2.0;47.5;0.0;2.916666666666667;0;0
org.apache.catalina.startup.ServiceQnameRule;2.0;47.5;0.0;2.916666666666667;0;0
org.apache.catalina.startup.ServletDefCreateRule;3.0;47.5;0.0;2.916666666666667;0;0
org.apache.catalina.startup.SetAllPropertiesRule;4.0;47.5;0.0;2.916666666666667;0;0
org.apache.catalina.startup.SetAuthConstraintRule;2.0;47.5;0.0;2.916666666666667;0;0
org.apache.catalina.startup.SetContextPropertiesRule;2.0;47.5;0.0;2.916666666666667;0;0
org.apache.catalina.startup.SetDistributableRule;2.0;47.5;0.0;2.916666666666667;0;0
org.apache.catalina.startup.SetJspConfig;3.0;47.5;0.0;2.916666666666667;0;0
org.apache.catalina.startup.SetLoginConfig;3.0;47.5;0.0;2.916666666666667;0;0
org.apache.catalina.startup.SetNextNamingRule;5.0;47.5;2.0;2.916666666666667;0;0
org.apache.catalina.startup.SetParentClassLoaderRule;3.0;47.5;0.0;2.916666666666667;0;0
org.apache.catalina.startup.SetPublicIdRule;3.0;47.5;0.0;2.916666666666667;0;0
org.apache.catalina.startup.SetSessionConfig;3.0;47.5;0.0;2.916666666666667;0;0
org.apache.catalina.startup.SoapHeaderRule;2.0;47.5;0.0;2.916666666666667;0;0
org.apache.catalina.startup.TaglibListenerRule;3.0;47.5;0.0;2.916666666666667;0;0
org.apache.catalina.startup.TaglibLocationRule;3.0;47.5;0.0;2.916666666666667;0;0
org.apache.catalina.startup.TaglibRule;3.0;47.5;0.0;2.916666666666667;0;0
org.apache.catalina.startup.TaglibUriRule;5.0;47.5;1.5;2.916666666666667;0;0
org.apache.catalina.startup.TldConfig;39.0;47.5;1.0121212103827433;2.916666666666667;0;0
org.apache.catalina.startup.TldRuleSet;4.0;47.5;0.0;2.916666666666667;0;0
org.apache.catalina.startup.Tomcat;47.0;47.5;1.0276497693792466;2.916666666666667;0;0
org.apache.catalina.startup.Tool;9.0;47.5;2.0;2.916666666666667;0;0
org.apache.catalina.startup.UserConfig;24.0;47.5;1.0714285714285714;2.916666666666667;0;0
org.apache.catalina.startup.UserDatabase;4.0;47.5;0.0;2.916666666666667;0;0
org.apache.catalina.startup.VersionRule;2.0;47.5;0.0;2.916666666666667;0;0
org.apache.catalina.startup.WebAnnotationSet;7.0;47.5;0.0;2.916666666666667;0;0
org.apache.catalina.startup.WebRuleSet;14.0;47.5;1.3333333333333333;2.916666666666667;0;0
org.apache.catalina.startup.XmlErrorHandler;10.0;47.5;1.0666666626930237;2.916666666666667;0;0
org.apache.catalina.tribes.ByteMessage;7.0;47.5;1.3333333333333333;2.916666666666667;0;0
org.apache.catalina.tribes.Channel;28.0;47.5;1.0714285714285714;2.916666666666667;0;0
org.apache.catalina.tribes.ChannelException;11.0;47.5;0.875;2.916666666666667;0;0
org.apache.catalina.tribes.ChannelInterceptor;16.0;47.5;0.0;2.916666666666667;0;0
org.apache.catalina.tribes.ChannelListener;4.0;47.5;0.0;2.916666666666667;0;0
org.apache.catalina.tribes.ChannelMessage;11.0;47.5;0.0;2.916666666666667;0;0
org.apache.catalina.tribes.ChannelReceiver;9.0;47.5;1.1428571428571428;2.916666666666667;0;0
org.apache.catalina.tribes.ChannelSender;6.0;47.5;0.0;2.916666666666667;0;0
org.apache.catalina.tribes.Constants;2.0;47.5;0.0;2.916666666666667;0;0
org.apache.catalina.tribes.ErrorHandler;2.0;47.5;0.0;2.916666666666667;0;0
org.apache.catalina.tribes.Heartbeat;1.0;47.5;0.0;2.916666666666667;0;0
org.apache.catalina.tribes.ManagedChannel;7.0;47.5;0.0;2.916666666666667;0;0
org.apache.catalina.tribes.Member;14.0;47.5;1.0833333333333333;2.916666666666667;0;0
org.apache.catalina.tribes.MembershipListener;2.0;47.5;0.0;2.916666666666667;0;0
org.apache.catalina.tribes.MembershipService;19.0;47.5;1.0625;2.916666666666667;0;0
org.apache.catalina.tribes.MessageListener;4.0;47.5;0.0;2.916666666666667;0;0
org.apache.catalina.tribes.RemoteProcessException;4.0;47.5;0.0;2.916666666666667;1;0
org.apache.catalina.tribes.UniqueId;8.0;47.5;1.3333333333333333;2.916666666666667;0;0
org.apache.catalina.tribes.group.AbsoluteOrder;3.0;47.5;0.0;2.916666666666667;0;0
org.apache.catalina.tribes.group.ChannelCoordinator;28.0;47.5;1.05;2.916666666666667;0;0
org.apache.catalina.tribes.group.ChannelInterceptorBase;25.0;47.5;1.0526315789473684;2.916666666666667;0;0
org.apache.catalina.tribes.group.GroupChannel;40.0;47.5;0.9923371644369487;2.916666666666667;0;0
org.apache.catalina.tribes.group.InterceptorPayload;4.0;47.5;2.0;2.916666666666667;0;0
org.apache.catalina.tribes.group.Response;8.0;47.5;1.3333333333333333;2.916666666666667;0;0
org.apache.catalina.tribes.group.RpcCallback;2.0;47.5;0.0;2.916666666666667;0;0
org.apache.catalina.tribes.group.RpcChannel;22.0;47.5;1.070707070556554;2.916666666666667;0;0
org.apache.catalina.tribes.group.RpcMessage;9.0;47.5;1.5;2.916666666666667;0;0
org.apache.catalina.tribes.group.interceptors.DomainFilterInterceptor;14.0;47.5;1.1;2.916666666666667;0;0
org.apache.catalina.tribes.group.interceptors.FragmentationInterceptor;17.0;47.5;1.0399999991059303;2.916666666666667;0;0
org.apache.catalina.tribes.group.interceptors.GzipInterceptor;8.0;47.5;1.25;2.916666666666667;0;0
org.apache.catalina.tribes.group.interceptors.MessageDispatch15Interceptor;20.0;47.5;0.9999999975164732;2.916666666666667;0;0
org.apache.catalina.tribes.group.interceptors.MessageDispatchInterceptor;28.0;47.5;1.0416666666666667;2.916666666666667;0;0
org.apache.catalina.tribes.group.interceptors.NonBlockingCoordinator;55.0;47.5;1.0192982452480417;2.916666666666667;0;0
org.apache.catalina.tribes.group.interceptors.OrderInterceptor;24.0;47.5;1.0535714285714286;2.916666666666667;0;0
org.apache.catalina.tribes.group.interceptors.SimpleCoordinator;13.0;47.5;1.0;2.916666666666667;0;0
org.apache.catalina.tribes.group.interceptors.StaticMembershipInterceptor;11.0;47.5;1.1428571428571428;2.916666666666667;0;0
org.apache.catalina.tribes.group.interceptors.TcpFailureDetector;36.0;47.5;1.0416666666666667;2.916666666666667;0;0
org.apache.catalina.tribes.group.interceptors.TcpPingInterceptor;23.0;47.5;1.0636363632299684;2.916666666666667;0;0
org.apache.catalina.tribes.group.interceptors.ThroughputInterceptor;30.0;47.5;1.0459183662065439;2.916666666666667;0;0
org.apache.catalina.tribes.group.interceptors.TwoPhaseCommitInterceptor;14.0;47.5;1.1666666666666667;2.916666666666667;0;0
org.apache.catalina.tribes.io.BufferPool;9.0;47.5;1.0833333333333333;2.916666666666667;0;0
org.apache.catalina.tribes.io.BufferPool15Impl;9.0;47.5;0.9999999925494194;2.916666666666667;0;0
org.apache.catalina.tribes.io.ChannelData;34.0;47.5;1.0434782608695652;2.916666666666667;0;0
org.apache.catalina.tribes.io.DirectByteArrayOutputStream;6.0;47.5;1.3333333333333333;2.916666666666667;0;0
org.apache.catalina.tribes.io.ListenCallback;1.0;47.5;0.0;2.916666666666667;0;0
org.apache.catalina.tribes.io.ObjectReader;22.0;47.5;1.0769230769230769;2.916666666666667;0;0
org.apache.catalina.tribes.io.ReplicationStream;8.0;47.5;1.2;2.916666666666667;0;0
org.apache.catalina.tribes.io.XByteBuffer;50.0;47.5;1.0219780218142729;2.916666666666667;0;0
org.apache.catalina.tribes.membership.Constants;3.0;47.5;0.0;2.916666666666667;0;0
org.apache.catalina.tribes.membership.McastService;80.0;47.5;0.9893491114561375;2.916666666666667;0;0
org.apache.catalina.tribes.membership.McastServiceImpl;47.0;47.5;1.0273109229610247;2.916666666666667;0;0
org.apache.catalina.tribes.membership.MemberImpl;65.0;47.5;1.0238095238095237;2.916666666666667;0;0
org.apache.catalina.tribes.membership.Membership;21.0;47.5;1.1;2.916666666666667;0;0
org.apache.catalina.tribes.membership.StaticMember;6.0;47.5;0.0;2.916666666666667;0;0
org.apache.catalina.tribes.tipis.AbstractReplicatedMap;82.0;47.5;1.0154291224650671;2.916666666666667;0;0
org.apache.catalina.tribes.tipis.LazyReplicatedMap;6.0;47.5;2.0;2.916666666666667;0;0
org.apache.catalina.tribes.tipis.ReplicatedMap;5.0;47.5;0.0;2.916666666666667;0;0
org.apache.catalina.tribes.tipis.ReplicatedMapEntry;10.0;47.5;0.0;2.916666666666667;0;0
org.apache.catalina.tribes.tipis.Streamable;3.0;47.5;0.0;2.916666666666667;0;0
org.apache.catalina.tribes.transport.AbstractRxTask;18.0;47.5;1.1;2.916666666666667;0;0
org.apache.catalina.tribes.transport.AbstractSender;85.0;47.5;1.018181818181818;2.916666666666667;0;0
org.apache.catalina.tribes.transport.Constants;6.0;47.5;0.0;2.916666666666667;0;0
org.apache.catalina.tribes.transport.DataSender;11.0;47.5;0.0;2.916666666666667;0;0
org.apache.catalina.tribes.transport.MultiPointSender;7.0;47.5;0.0;2.916666666666667;0;0
org.apache.catalina.tribes.transport.PooledSender;15.0;47.5;0.7;2.916666666666667;0;0
org.apache.catalina.tribes.transport.ReceiverBase;116.0;47.5;1.0119715675159737;2.916666666666667;0;0
org.apache.catalina.tribes.transport.ReplicationTransmitter;13.0;47.5;1.125;2.916666666666667;0;0
org.apache.catalina.tribes.transport.RxTaskPool;18.0;47.5;1.063492061363326;2.916666666666667;0;0
org.apache.catalina.tribes.transport.SenderState;16.0;47.5;1.125;2.916666666666667;0;0
org.apache.catalina.tribes.transport.bio.BioReceiver;10.0;47.5;1.0;2.916666666666667;0;0
org.apache.catalina.tribes.transport.bio.BioReplicationTask;10.0;47.5;0.9333333253860474;2.916666666666667;0;0
org.apache.catalina.tribes.transport.bio.BioSender;17.0;47.5;1.0535714253783226;2.916666666666667;0;0
org.apache.catalina.tribes.transport.bio.MultipointBioSender;12.0;47.5;1.125;2.916666666666667;0;0
org.apache.catalina.tribes.transport.bio.PooledMultiSender;3.0;47.5;0.0;2.916666666666667;0;0
org.apache.catalina.tribes.transport.bio.util.FastQueue;35.0;47.5;1.0526315789473684;2.916666666666667;0;0
org.apache.catalina.tribes.transport.bio.util.LinkObject;14.0;47.5;1.1428571428571428;2.916666666666667;0;0
org.apache.catalina.tribes.transport.bio.util.SingleRemoveSynchronizedAddLock;22.0;47.5;1.059523808459441;2.916666666666667;0;0
org.apache.catalina.tribes.transport.nio.NioReceiver;24.0;47.5;0.9910714285714286;2.916666666666667;0;0
org.apache.catalina.tribes.transport.nio.NioReplicationTask;15.0;47.5;1.049999998882413;2.916666666666667;0;0
org.apache.catalina.tribes.transport.nio.NioSender;29.0;47.5;0.9545454513281584;2.916666666666667;0;0
org.apache.catalina.tribes.transport.nio.ParallelNioSender;17.0;47.5;1.0227272727272727;2.916666666666667;0;0
org.apache.catalina.tribes.transport.nio.PooledParallelSender;6.0;47.5;1.3333333333333333;2.916666666666667;0;0
org.apache.catalina.tribes.util.Arrays;26.0;47.5;1.0434782608695652;2.916666666666667;0;0
org.apache.catalina.tribes.util.ExecutorFactory;3.0;47.5;0.0;2.916666666666667;0;0
org.apache.catalina.tribes.util.Logs;2.0;47.5;0.0;2.916666666666667;0;0
org.apache.catalina.tribes.util.StringManager;7.0;47.5;1.1666666567325592;2.916666666666667;1;0
org.apache.catalina.tribes.util.UUIDGenerator;10.0;47.5;1.5;2.916666666666667;1;0
org.apache.catalina.users.AbstractGroup;15.0;47.5;1.25;2.916666666666667;0;0
org.apache.catalina.users.AbstractRole;9.0;47.5;1.25;2.916666666666667;0;0
org.apache.catalina.users.AbstractUser;21.0;47.5;1.1666666666666667;2.916666666666667;0;0
org.apache.catalina.users.Constants;2.0;47.5;0.0;2.916666666666667;0;0
org.apache.catalina.users.MemoryGroup;11.0;47.5;1.1428571428571428;2.916666666666667;0;0
org.apache.catalina.users.MemoryGroupCreationFactory;6.0;47.5;1.25;2.916666666666667;0;0
org.apache.catalina.users.MemoryRole;4.0;47.5;2.0;2.916666666666667;0;0
org.apache.catalina.users.MemoryRoleCreationFactory;6.0;47.5;1.25;2.916666666666667;0;0
org.apache.catalina.users.MemoryUser;16.0;47.5;1.0909090909090908;2.916666666666667;0;0
org.apache.catalina.users.MemoryUserCreationFactory;6.0;47.5;1.25;2.916666666666667;0;0
org.apache.catalina.users.MemoryUserDatabase;35.0;47.5;1.0454545454545454;2.916666666666667;0;0
org.apache.catalina.users.MemoryUserDatabaseFactory;2.0;47.5;0.0;2.916666666666667;0;0
org.apache.catalina.util.Base64;16.0;47.5;1.25;2.916666666666667;0;0
org.apache.catalina.util.CharsetMapper;6.0;47.5;1.0;2.916666666666667;0;0
org.apache.catalina.util.CustomObjectInputStream;4.0;47.5;1.0;2.916666666666667;0;0
org.apache.catalina.util.DOMWriter;16.0;47.5;1.1142857138599669;2.916666666666667;0;0
org.apache.catalina.util.DateTool;12.0;47.5;0.0;2.916666666666667;0;0
org.apache.catalina.util.Enumerator;9.0;47.5;0.0;2.916666666666667;0;0
org.apache.catalina.util.Extension;28.0;47.5;1.0416666666666667;2.916666666666667;0;0
org.apache.catalina.util.ExtensionValidator;11.0;47.5;1.2;2.916666666666667;0;0
org.apache.catalina.util.HexUtils;7.0;47.5;1.3333333333333333;2.916666666666667;0;0
org.apache.catalina.util.IOTools;6.0;47.5;1.3333333333333333;2.916666666666667;0;0
org.apache.catalina.util.InstanceSupport;15.0;47.5;1.1;2.916666666666667;0;0
org.apache.catalina.util.LifecycleBase;21.0;47.5;1.0909090909090908;2.916666666666667;0;0
org.apache.catalina.util.LifecycleMBeanBase;19.0;47.5;1.0799999997019767;2.916666666666667;0;0
org.apache.catalina.util.LifecycleSupport;8.0;47.5;1.3333333333333333;2.916666666666667;0;0
org.apache.catalina.util.MD5Encoder;3.0;47.5;0.0;2.916666666666667;0;0
org.apache.catalina.util.MIME2Java;5.0;47.5;1.0;2.916666666666667;0;0
org.apache.catalina.util.ManifestResource;19.0;47.5;1.1;2.916666666666667;0;0
org.apache.catalina.util.ParameterMap;12.0;47.5;1.2;2.916666666666667;0;0
org.apache.catalina.util.RequestUtil;17.0;47.5;1.0833333333333333;2.916666666666667;0;0
org.apache.catalina.util.ResourceSet;11.0;47.5;1.25;2.916666666666667;0;0
org.apache.catalina.util.SchemaResolver;7.0;47.5;1.5;2.916666666666667;0;0
org.apache.catalina.util.ServerInfo;8.0;47.5;1.3333333333333333;2.916666666666667;0;0
org.apache.catalina.util.Strftime;10.0;47.5;0.8;2.916666666666667;0;0
org.apache.catalina.util.StringParser;21.0;47.5;1.0178571428571428;2.916666666666667;0;0
org.apache.catalina.util.TomcatCSS;2.0;47.5;0.0;2.916666666666667;0;0
org.apache.catalina.util.URLEncoder;5.0;47.5;1.0;2.916666666666667;0;0
org.apache.catalina.util.XMLWriter;17.0;47.5;0.9111111081308789;2.916666666666667;0;0
org.apache.catalina.valves.AccessLogValve;65.0;47.5;1.0105263161423959;2.916666666666667;0;0
org.apache.catalina.valves.CometConnectionManagerValve;13.0;47.5;1.1428571428571428;2.916666666666667;1;0
org.apache.catalina.valves.Constants;2.0;47.5;0.0;2.916666666666667;0;0
org.apache.catalina.valves.ErrorReportValve;7.0;47.5;1.3333333333333333;2.916666666666667;0;0
org.apache.catalina.valves.ExtendedAccessLogValve;13.0;47.5;1.1111111111111112;2.916666666666667;0;0
org.apache.catalina.valves.JDBCAccessLogValve;53.0;47.5;1.0262345675792959;2.916666666666667;0;0
org.apache.catalina.valves.PersistentValve;6.0;47.5;1.5;2.916666666666667;0;0
org.apache.catalina.valves.RemoteAddrValve;4.0;47.5;2.0;2.916666666666667;0;0
org.apache.catalina.valves.RemoteHostValve;4.0;47.5;2.0;2.916666666666667;0;0
org.apache.catalina.valves.RemoteIpValve;35.0;47.5;1.0396825394460134;2.916666666666667;0;0
org.apache.catalina.valves.RequestFilterValve;15.0;47.5;1.1111111094554265;2.916666666666667;0;0
org.apache.catalina.valves.SSLValve;3.0;47.5;0.0;2.916666666666667;0;0
org.apache.catalina.valves.SemaphoreValve;21.0;47.5;1.064102563720483;2.916666666666667;0;0
org.apache.catalina.valves.ValveBase;24.0;47.5;1.0714285714285714;2.916666666666667;0;0
org.apache.coyote.ActionCode;32.0;47.5;0.0;2.916666666666667;0;0
org.apache.coyote.ActionHook;1.0;47.5;0.0;2.916666666666667;0;0
org.apache.coyote.Adapter;4.0;47.5;0.0;2.916666666666667;0;0
org.apache.coyote.Constants;15.0;47.5;0.0;2.916666666666667;0;0
org.apache.coyote.InputBuffer;1.0;47.5;0.0;2.916666666666667;0;0
org.apache.coyote.OutputBuffer;1.0;47.5;0.0;2.916666666666667;0;0
org.apache.coyote.Processor;3.0;47.5;0.0;2.916666666666667;0;0
org.apache.coyote.ProtocolHandler;10.0;47.5;0.0;2.916666666666667;0;0
org.apache.coyote.Request;93.0;47.5;1.015995872027257;2.916666666666667;0;0
org.apache.coyote.RequestGroupInfo;23.0;47.5;1.0714285714285714;2.916666666666667;0;0
org.apache.coyote.RequestInfo;50.0;47.5;1.0285714285714285;2.916666666666667;0;1
org.apache.coyote.Response;63.0;47.5;1.0219638242797797;2.916666666666667;0;0
org.apache.coyote.ajp.AjpAprProcessor;52.0;47.5;1.0390492363979942;2.916666666666667;1;0
org.apache.coyote.ajp.AjpAprProtocol;66.0;47.5;1.0163265303993712;2.916666666666667;0;0
org.apache.coyote.ajp.AjpMessage;31.0;47.5;1.0416666666666667;2.916666666666667;0;0
org.apache.coyote.ajp.AjpProcessor;54.0;47.5;1.040625;2.916666666666667;1;0
org.apache.coyote.ajp.AjpProtocol;61.0;47.5;1.0188953488372092;2.916666666666667;0;0
org.apache.coyote.ajp.Constants;107.0;47.5;0.0;2.916666666666667;0;0
org.apache.coyote.http11.AbstractHttp11Processor;75.0;47.5;1.0240384615384615;2.916666666666667;1;0
org.apache.coyote.http11.AbstractHttp11Protocol;139.0;47.5;1.0077110389247537;2.916666666666667;0;0
org.apache.coyote.http11.AbstractInputBuffer;29.0;47.5;1.1;2.916666666666667;0;0
org.apache.coyote.http11.AbstractOutputBuffer;35.0;47.5;1.05;2.916666666666667;0;0
org.apache.coyote.http11.Constants;45.0;47.5;0.0;2.916666666666667;0;0
org.apache.coyote.http11.Http11AprProcessor;21.0;47.5;1.1;2.916666666666667;1;0
org.apache.coyote.http11.Http11AprProtocol;136.0;47.5;1.008190883151083;2.916666666666667;0;0
org.apache.coyote.http11.Http11NioProcessor;27.0;47.5;1.0714285714285714;2.916666666666667;1;0
org.apache.coyote.http11.Http11NioProtocol;23.0;47.5;1.0555555555555556;2.916666666666667;0;0
org.apache.coyote.http11.Http11Processor;21.0;47.5;1.0909090909090908;2.916666666666667;1;0
org.apache.coyote.http11.Http11Protocol;14.0;47.5;1.1428571428571428;2.916666666666667;0;0
org.apache.coyote.http11.InputFilter;7.0;47.5;0.0;2.916666666666667;0;0
org.apache.coyote.http11.InternalAprInputBuffer;13.0;47.5;1.0555555555555556;2.916666666666667;0;0
org.apache.coyote.http11.InternalAprOutputBuffer;12.0;47.5;0.9285714285714286;2.916666666666667;0;0
org.apache.coyote.http11.InternalInputBuffer;7.0;47.5;0.0;2.916666666666667;0;0
org.apache.coyote.http11.InternalNioInputBuffer;28.0;47.5;1.0437499997206032;2.916666666666667;0;0
org.apache.coyote.http11.InternalNioOutputBuffer;20.0;47.5;1.0833333333333333;2.916666666666667;0;0
org.apache.coyote.http11.InternalOutputBuffer;15.0;47.5;0.9999999966886308;2.916666666666667;0;0
org.apache.coyote.http11.OutputFilter;6.0;47.5;0.0;2.916666666666667;0;0
org.apache.coyote.http11.filters.BufferedInputFilter;15.0;47.5;1.1428571428571428;2.916666666666667;0;0
org.apache.coyote.http11.filters.ChunkedInputFilter;22.0;47.5;1.1;2.916666666666667;0;0
org.apache.coyote.http11.filters.ChunkedOutputFilter;13.0;47.5;1.2;2.916666666666667;0;0
org.apache.coyote.http11.filters.GzipOutputFilter;12.0;47.5;1.119999998807907;2.916666666666667;0;0
org.apache.coyote.http11.filters.IdentityInputFilter;16.0;47.5;1.125;2.916666666666667;0;0
org.apache.coyote.http11.filters.IdentityOutputFilter;14.0;47.5;1.1428571428571428;2.916666666666667;0;0
org.apache.coyote.http11.filters.SavedRequestInputFilter;9.0;47.5;1.1666666666666667;2.916666666666667;0;0
org.apache.coyote.http11.filters.VoidInputFilter;10.0;47.5;1.1666666666666667;2.916666666666667;0;0
org.apache.coyote.http11.filters.VoidOutputFilter;10.0;47.5;1.2;2.916666666666667;0;0
org.apache.coyote.memory.MemoryProtocolHandler;13.0;47.5;1.1;2.916666666666667;0;0
org.apache.el.ExpressionFactoryImpl;5.0;47.5;0.0;2.916666666666667;0;0
org.apache.el.MethodExpressionImpl;18.0;47.5;1.0740740729702845;2.916666666666667;0;0
org.apache.el.MethodExpressionLiteral;13.0;47.5;1.0476190447807312;2.916666666666667;0;0
org.apache.el.ValueExpressionImpl;21.0;47.5;1.061538461309213;2.916666666666667;0;0
org.apache.el.ValueExpressionLiteral;17.0;47.5;0.939393934878436;2.916666666666667;0;0
org.apache.el.lang.ELArithmetic;22.0;47.5;0.7428571368966784;2.916666666666667;0;0
org.apache.el.lang.ELSupport;23.0;47.5;1.05;2.916666666666667;0;0
org.apache.el.lang.EvaluationContext;14.0;47.5;1.1111111111111112;2.916666666666667;0;0
org.apache.el.lang.ExpressionBuilder;12.0;47.5;1.1666666666666667;2.916666666666667;0;0
org.apache.el.lang.FunctionMapperFactory;5.0;47.5;2.0;2.916666666666667;0;0
org.apache.el.lang.FunctionMapperImpl;7.0;47.5;1.0;2.916666666666667;0;0
org.apache.el.lang.VariableMapperFactory;6.0;47.5;1.5;2.916666666666667;0;0
org.apache.el.lang.VariableMapperImpl;7.0;47.5;1.3333333333333333;2.916666666666667;0;0
org.apache.el.parser.ArithmeticNode;2.0;47.5;0.0;2.916666666666667;0;0
org.apache.el.parser.AstAnd;2.0;47.5;0.0;2.916666666666667;0;0
org.apache.el.parser.AstBracketSuffix;2.0;47.5;0.0;2.916666666666667;0;0
org.apache.el.parser.AstChoice;3.0;47.5;0.0;2.916666666666667;0;0
org.apache.el.parser.AstCompositeExpression;3.0;47.5;0.0;2.916666666666667;0;0
org.apache.el.parser.AstDeferredExpression;5.0;47.5;0.0;2.916666666666667;0;0
org.apache.el.parser.AstDiv;2.0;47.5;0.0;2.916666666666667;0;0
org.apache.el.parser.AstDotSuffix;2.0;47.5;0.0;2.916666666666667;0;0
org.apache.el.parser.AstDynamicExpression;5.0;47.5;0.0;2.916666666666667;0;0
org.apache.el.parser.AstEmpty;3.0;47.5;0.0;2.916666666666667;0;0
org.apache.el.parser.AstEqual;2.0;47.5;0.0;2.916666666666667;0;0
org.apache.el.parser.AstFalse;2.0;47.5;0.0;2.916666666666667;0;0
org.apache.el.parser.AstFloatingPoint;5.0;47.5;1.5;2.916666666666667;0;0
org.apache.el.parser.AstFunction;11.0;47.5;1.1428571428571428;2.916666666666667;0;0
org.apache.el.parser.AstGreaterThan;2.0;47.5;0.0;2.916666666666667;0;0
org.apache.el.parser.AstGreaterThanEqual;2.0;47.5;0.0;2.916666666666667;0;0
org.apache.el.parser.AstIdentifier;8.0;47.5;0.0;2.916666666666667;0;0
org.apache.el.parser.AstInteger;5.0;47.5;1.5;2.916666666666667;0;0
org.apache.el.parser.AstLessThan;2.0;47.5;0.0;2.916666666666667;0;0
org.apache.el.parser.AstLessThanEqual;2.0;47.5;0.0;2.916666666666667;0;0
org.apache.el.parser.AstLiteralExpression;4.0;47.5;0.0;2.916666666666667;0;0
org.apache.el.parser.AstMethodParameters;3.0;47.5;0.0;2.916666666666667;0;0
org.apache.el.parser.AstMinus;2.0;47.5;0.0;2.916666666666667;0;0
org.apache.el.parser.AstMod;2.0;47.5;0.0;2.916666666666667;0;0
org.apache.el.parser.AstMult;2.0;47.5;0.0;2.916666666666667;0;0
org.apache.el.parser.AstNegative;3.0;47.5;0.0;2.916666666666667;0;0
org.apache.el.parser.AstNot;3.0;47.5;0.0;2.916666666666667;0;0
org.apache.el.parser.AstNotEqual;2.0;47.5;0.0;2.916666666666667;0;0
org.apache.el.parser.AstNull;3.0;47.5;0.0;2.916666666666667;0;0
org.apache.el.parser.AstOr;2.0;47.5;0.0;2.916666666666667;0;0
org.apache.el.parser.AstPlus;2.0;47.5;0.0;2.916666666666667;0;0
org.apache.el.parser.AstString;6.0;47.5;1.3333333333333333;2.916666666666667;0;0
org.apache.el.parser.AstTrue;2.0;47.5;0.0;2.916666666666667;0;0
org.apache.el.parser.AstValue;15.0;47.5;1.0909090909090908;2.916666666666667;0;0
org.apache.el.parser.BooleanNode;2.0;47.5;0.0;2.916666666666667;0;0
org.apache.el.parser.ELParser;138.0;47.5;1.0081900081656001;2.916666666666667;0;0
org.apache.el.parser.ELParserConstants;56.0;47.5;0.0;2.916666666666667;0;0
org.apache.el.parser.ELParserTokenManager;60.0;47.5;1.03125;2.916666666666667;1;0
org.apache.el.parser.ELParserTreeConstants;35.0;47.5;0.0;2.916666666666667;0;0
org.apache.el.parser.JJTELParserState;17.0;47.5;0.9799999982118607;2.916666666666667;0;0
org.apache.el.parser.Node;17.0;47.5;0.0;2.916666666666667;0;0
org.apache.el.parser.NodeVisitor;1.0;47.5;0.0;2.916666666666667;0;0
org.apache.el.parser.ParseException;10.0;47.5;2.0;2.916666666666667;0;0
org.apache.el.parser.SimpleCharStream;52.0;47.5;1.0360576923076923;2.916666666666667;0;0
org.apache.el.parser.SimpleNode;28.0;47.5;1.0227272727272727;2.916666666666667;0;0
org.apache.el.parser.Token;16.0;47.5;1.3333333333333333;2.916666666666667;0;0
org.apache.el.parser.TokenMgrError;12.0;47.5;1.5;2.916666666666667;0;0
org.apache.el.util.ConcurrentCache;6.0;47.5;0.6666666269302368;2.916666666666667;0;0
org.apache.el.util.MessageFactory;9.0;47.5;0.8333333333333334;2.916666666666667;0;0
org.apache.el.util.ReflectionUtil;12.0;47.5;1.1428571428571428;2.916666666666667;0;0
org.apache.jasper.Constants;34.0;47.5;0.0;2.916666666666667;0;0
org.apache.jasper.EmbeddedServletOptions;65.0;47.5;1.0282828281774665;2.916666666666667;0;0
org.apache.jasper.JasperException;3.0;47.5;0.0;2.916666666666667;0;0
org.apache.jasper.JspC;167.0;47.5;1.0097001763175668;2.916666666666667;0;0
org.apache.jasper.JspCompilationContext;85.0;47.5;1.0170777989368813;2.916666666666667;0;0
org.apache.jasper.Options;30.0;47.5;0.0;2.916666666666667;0;0
org.apache.jasper.compiler.AntCompiler;8.0;47.5;1.375;2.916666666666667;0;0
org.apache.jasper.compiler.AttributeParser;19.0;47.5;1.0757575730482738;2.916666666666667;0;0
org.apache.jasper.compiler.BeanRepository;7.0;47.5;0.8333333134651184;2.916666666666667;0;0
org.apache.jasper.compiler.Collector;2.0;47.5;0.0;2.916666666666667;0;0
org.apache.jasper.compiler.Compiler;24.0;47.5;1.0769230769230769;2.916666666666667;0;0
org.apache.jasper.compiler.DefaultErrorHandler;5.0;47.5;0.0;2.916666666666667;0;0
org.apache.jasper.compiler.Dumper;3.0;47.5;0.0;2.916666666666667;0;0
org.apache.jasper.compiler.ELFunctionMapper;5.0;47.5;0.0;2.916666666666667;0;0
org.apache.jasper.compiler.ELNode;2.0;47.5;0.0;2.916666666666667;0;0
org.apache.jasper.compiler.ELParser;26.0;47.5;1.0142857134342194;2.916666666666667;0;0
org.apache.jasper.compiler.ErrorDispatcher;25.0;47.5;1.0476190476190477;2.916666666666667;0;0
org.apache.jasper.compiler.ErrorHandler;4.0;47.5;0.0;2.916666666666667;0;0
org.apache.jasper.compiler.Generator;47.0;47.5;1.0226337447486542;2.916666666666667;0;0
org.apache.jasper.compiler.ImplicitTagLibraryInfo;14.0;47.5;1.909090906381607;2.916666666666667;0;0
org.apache.jasper.compiler.JDTCompiler;3.0;47.5;0.0;2.916666666666667;0;0
org.apache.jasper.compiler.JarResource;3.0;47.5;0.0;2.916666666666667;0;0
org.apache.jasper.compiler.JarScannerFactory;2.0;47.5;0.0;2.916666666666667;0;0
org.apache.jasper.compiler.JarURLResource;6.0;47.5;1.5;2.916666666666667;0;0
org.apache.jasper.compiler.JasperTagInfo;4.0;47.5;2.0;2.916666666666667;0;0
org.apache.jasper.compiler.JavacErrorDetail;15.0;47.5;1.1388888880610466;2.916666666666667;0;0
org.apache.jasper.compiler.JspConfig;20.0;47.5;1.153846152126789;2.916666666666667;0;0
org.apache.jasper.compiler.JspDocumentParser;50.0;47.5;1.016071428278727;2.916666666666667;0;0
org.apache.jasper.compiler.JspReader;36.0;47.5;1.0277777776742976;2.916666666666667;0;0
org.apache.jasper.compiler.JspRuntimeContext;32.0;47.5;1.0287081332583177;2.916666666666667;0;0
org.apache.jasper.compiler.JspUtil;44.0;47.5;1.0138888884749677;2.916666666666667;0;0
org.apache.jasper.compiler.Localizer;8.0;47.5;0.8;2.916666666666667;0;0
org.apache.jasper.compiler.Mark;24.0;47.5;1.0909090903070238;2.916666666666667;0;0
org.apache.jasper.compiler.Node;45.0;47.5;1.0405797099937564;2.916666666666667;0;0
org.apache.jasper.compiler.PageDataImpl;6.0;47.5;0.0;2.916666666666667;0;0
org.apache.jasper.compiler.PageInfo;130.0;47.5;1.0090137857307748;2.916666666666667;0;0
org.apache.jasper.compiler.Parser;69.0;47.5;1.0185185185185186;2.916666666666667;0;0
org.apache.jasper.compiler.ParserController;27.0;47.5;1.051282050088048;2.916666666666667;1;0
org.apache.jasper.compiler.ScriptingVariabler;3.0;47.5;0.0;2.916666666666667;0;0
org.apache.jasper.compiler.ServletWriter;20.0;47.5;0.8749999937911829;2.916666666666667;0;0
org.apache.jasper.compiler.SmapGenerator;13.0;47.5;1.0999999990065892;2.916666666666667;0;0
org.apache.jasper.compiler.SmapStratum;13.0;47.5;0.899999996026357;2.916666666666667;0;0
org.apache.jasper.compiler.SmapUtil;6.0;47.5;1.3333333333333333;2.916666666666667;0;0
org.apache.jasper.compiler.TagConstants;57.0;47.5;0.0;2.916666666666667;0;0
org.apache.jasper.compiler.TagFileProcessor;6.0;47.5;0.6666666666666666;2.916666666666667;1;0
org.apache.jasper.compiler.TagLibraryInfoImpl;22.0;47.5;1.0714285714285714;2.916666666666667;0;0
org.apache.jasper.compiler.TagPluginManager;10.0;47.5;1.4166666641831398;2.916666666666667;1;0
org.apache.jasper.compiler.TextOptimizer;2.0;47.5;0.0;2.916666666666667;0;0
org.apache.jasper.compiler.TldLocation;8.0;47.5;1.5;2.916666666666667;0;0
org.apache.jasper.compiler.TldLocationsCache;21.0;47.5;1.1136363632977009;2.916666666666667;0;0
org.apache.jasper.compiler.Validator;4.0;47.5;0.0;2.916666666666667;0;0
org.apache.jasper.compiler.WebXml;10.0;47.5;1.4166666641831398;2.916666666666667;0;0
org.apache.jasper.compiler.tagplugin.TagPlugin;1.0;47.5;0.0;2.916666666666667;0;0
org.apache.jasper.compiler.tagplugin.TagPluginContext;14.0;47.5;0.0;2.916666666666667;0;0
org.apache.jasper.el.ELContextImpl;11.0;47.5;1.25;2.916666666666667;0;0
org.apache.jasper.el.ELContextWrapper;12.0;47.5;1.125;2.916666666666667;0;0
org.apache.jasper.el.ELResolverImpl;10.0;47.5;1.1666666666666667;2.916666666666667;0;0
org.apache.jasper.el.ExpressionEvaluatorImpl;4.0;47.5;2.0;2.916666666666667;0;0
org.apache.jasper.el.ExpressionImpl;3.0;47.5;0.0;2.916666666666667;0;0
org.apache.jasper.el.FunctionMapperImpl;3.0;47.5;0.0;2.916666666666667;0;0
org.apache.jasper.el.JspELException;2.0;47.5;0.0;2.916666666666667;0;0
org.apache.jasper.el.JspMethodExpression;12.0;47.5;1.1428571428571428;2.916666666666667;0;0
org.apache.jasper.el.JspMethodNotFoundException;2.0;47.5;0.0;2.916666666666667;0;0
org.apache.jasper.el.JspPropertyNotFoundException;2.0;47.5;0.0;2.916666666666667;0;0
org.apache.jasper.el.JspPropertyNotWritableException;2.0;47.5;0.0;2.916666666666667;0;0
org.apache.jasper.el.JspValueExpression;15.0;47.5;1.1;2.916666666666667;0;0
org.apache.jasper.el.VariableResolverImpl;3.0;47.5;0.0;2.916666666666667;0;0
org.apache.jasper.runtime.BodyContentImpl;43.0;47.5;0.9523809501102992;2.916666666666667;0;0
org.apache.jasper.runtime.HttpJspBase;10.0;47.5;0.0;2.916666666666667;0;0
org.apache.jasper.runtime.InstanceManagerFactory;2.0;47.5;0.0;2.916666666666667;1;0
org.apache.jasper.runtime.JspApplicationContextImpl;13.0;47.5;1.2;2.916666666666667;0;0
org.apache.jasper.runtime.JspContextWrapper;46.0;47.5;0.9613899584557559;2.916666666666667;0;0
org.apache.jasper.runtime.JspFactoryImpl;12.0;47.5;1.119999998807907;2.916666666666667;0;0
org.apache.jasper.runtime.JspFragmentHelper;7.0;47.5;2.0;2.916666666666667;0;0
org.apache.jasper.runtime.JspRuntimeLibrary;47.0;47.5;1.0232558139534884;2.916666666666667;0;0
org.apache.jasper.runtime.JspSourceDependent;1.0;47.5;0.0;2.916666666666667;0;0
org.apache.jasper.runtime.JspWriterImpl;48.0;47.5;1.003861002825402;2.916666666666667;0;0
org.apache.jasper.runtime.PageContextImpl;64.0;47.5;1.0081521739130435;2.916666666666667;0;0
org.apache.jasper.runtime.PerThreadTagHandlerPool;8.0;47.5;0.9999999900658926;2.916666666666667;0;0
org.apache.jasper.runtime.ProtectedFunctionMapper;7.0;47.5;1.0;2.916666666666667;0;0
org.apache.jasper.runtime.ServletResponseWrapperInclude;6.0;47.5;1.5;2.916666666666667;0;0
org.apache.jasper.runtime.TagHandlerPool;13.0;47.5;1.2;2.916666666666667;0;0
org.apache.jasper.security.SecurityClassLoad;3.0;47.5;0.0;2.916666666666667;0;0
org.apache.jasper.security.SecurityUtil;4.0;47.5;2.0;2.916666666666667;0;0
org.apache.jasper.servlet.JasperLoader;8.0;47.5;0.9999999900658926;2.916666666666667;0;0
org.apache.jasper.servlet.JspCServletContext;55.0;47.5;0.9733333319425583;2.916666666666667;0;0
org.apache.jasper.servlet.JspServlet;16.0;47.5;1.1111111111111112;2.916666666666667;0;0
org.apache.jasper.servlet.JspServletWrapper;36.0;47.5;1.0551470588235294;2.916666666666667;0;0
org.apache.jasper.tagplugins.jstl.Util;11.0;47.5;1.15;2.916666666666667;0;0
org.apache.jasper.tagplugins.jstl.core.Catch;2.0;47.5;0.0;2.916666666666667;0;0
org.apache.jasper.tagplugins.jstl.core.Choose;2.0;47.5;0.0;2.916666666666667;0;0
org.apache.jasper.tagplugins.jstl.core.ForEach;8.0;47.5;1.5;2.916666666666667;0;0
org.apache.jasper.tagplugins.jstl.core.ForTokens;2.0;47.5;0.0;2.916666666666667;0;0
org.apache.jasper.tagplugins.jstl.core.If;2.0;47.5;0.0;2.916666666666667;0;0
org.apache.jasper.tagplugins.jstl.core.Import;2.0;47.5;0.0;2.916666666666667;0;0
org.apache.jasper.tagplugins.jstl.core.Otherwise;2.0;47.5;0.0;2.916666666666667;0;0
org.apache.jasper.tagplugins.jstl.core.Out;2.0;47.5;0.0;2.916666666666667;0;0
org.apache.jasper.tagplugins.jstl.core.Param;2.0;47.5;0.0;2.916666666666667;0;0
org.apache.jasper.tagplugins.jstl.core.Redirect;2.0;47.5;0.0;2.916666666666667;0;0
org.apache.jasper.tagplugins.jstl.core.Remove;2.0;47.5;0.0;2.916666666666667;0;0
org.apache.jasper.tagplugins.jstl.core.Set;2.0;47.5;0.0;2.916666666666667;0;0
org.apache.jasper.tagplugins.jstl.core.Url;2.0;47.5;0.0;2.916666666666667;0;0
org.apache.jasper.tagplugins.jstl.core.When;2.0;47.5;0.0;2.916666666666667;0;0
org.apache.jasper.util.Entry;10.0;47.5;1.133333331346512;2.916666666666667;0;0
org.apache.jasper.util.Enumerator;9.0;47.5;0.0;2.916666666666667;0;0
org.apache.jasper.util.ExceptionUtils;2.0;47.5;0.0;2.916666666666667;0;0
org.apache.jasper.util.JspQueue;6.0;47.5;1.5;2.916666666666667;0;0
org.apache.jasper.xmlparser.ASCIIReader;12.0;47.5;0.8095237995897021;2.916666666666667;0;0
org.apache.jasper.xmlparser.EncodingMap;9.0;47.5;0.6;2.916666666666667;0;0
org.apache.jasper.xmlparser.MyEntityResolver;2.0;47.5;0.0;2.916666666666667;0;0
org.apache.jasper.xmlparser.MyErrorHandler;4.0;47.5;0.0;2.916666666666667;0;0
org.apache.jasper.xmlparser.ParserUtils;7.0;47.5;1.5;2.916666666666667;0;0
org.apache.jasper.xmlparser.SymbolTable;11.0;47.5;1.2;2.916666666666667;0;0
org.apache.jasper.xmlparser.TreeNode;21.0;47.5;0.9384615363983008;2.916666666666667;0;0
org.apache.jasper.xmlparser.UCSReader;19.0;47.5;1.0317460309181894;2.916666666666667;0;0
org.apache.jasper.xmlparser.UTF8Reader;19.0;47.5;1.0571428552269935;2.916666666666667;0;0
org.apache.jasper.xmlparser.XMLChar;31.0;47.5;1.05;2.916666666666667;0;0
org.apache.jasper.xmlparser.XMLEncodingDetector;53.0;47.5;1.0313479624349962;2.916666666666667;0;0
org.apache.jasper.xmlparser.XMLString;12.0;47.5;1.2;2.916666666666667;0;0
org.apache.jasper.xmlparser.XMLStringBuffer;12.0;47.5;1.25;2.916666666666667;0;0
org.apache.juli.AsyncFileHandler;16.0;47.5;1.2999999995032947;2.916666666666667;0;0
org.apache.juli.ClassLoaderLogManager;20.0;47.5;0.8888888835906983;2.916666666666667;1;0
org.apache.juli.FileHandler;17.0;47.5;0.9591836652585438;2.916666666666667;0;0
org.apache.juli.JdkLoggerFormatter;8.0;47.5;0.0;2.916666666666667;0;0
org.apache.juli.OneLineFormatter;13.0;47.5;1.2777777761220932;2.916666666666667;0;0
org.apache.juli.VerbatimFormatter;3.0;47.5;0.0;2.916666666666667;0;0
org.apache.juli.logging.DirectJDKLog;25.0;47.5;0.9333333298563957;2.916666666666667;0;0
org.apache.juli.logging.Log;18.0;47.5;0.0;2.916666666666667;0;0
org.apache.juli.logging.LogConfigurationException;6.0;47.5;0.0;2.916666666666667;0;0
org.apache.juli.logging.LogFactory;21.0;47.5;1.0128205109101076;2.916666666666667;0;0
org.apache.naming.Constants;3.0;47.5;0.0;2.916666666666667;0;0
org.apache.naming.ContextAccessController;9.0;47.5;0.6;2.916666666666667;1;0
org.apache.naming.ContextBindings;28.0;47.5;0.8916666619479656;2.916666666666667;0;0
org.apache.naming.EjbRef;7.0;47.5;0.0;2.916666666666667;0;0
org.apache.naming.HandlerRef;13.0;47.5;2.0;2.916666666666667;0;0
org.apache.naming.JndiPermission;2.0;47.5;0.0;2.916666666666667;0;0
org.apache.naming.NameParserImpl;2.0;47.5;0.0;2.916666666666667;0;0
org.apache.naming.NamingContext;41.0;47.5;1.0156249995343387;2.916666666666667;0;0
org.apache.naming.NamingContextBindingsEnumeration;9.0;47.5;1.1;2.916666666666667;0;0
org.apache.naming.NamingContextEnumeration;7.0;47.5;1.25;2.916666666666667;0;0
org.apache.naming.NamingEntry;10.0;47.5;1.7142857015132904;2.916666666666667;0;0
org.apache.naming.NamingService;15.0;47.5;1.1111111111111112;2.916666666666667;0;0
org.apache.naming.NamingServiceMBean;13.0;47.5;1.2;2.916666666666667;0;0
org.apache.naming.ResourceEnvRef;4.0;47.5;0.0;2.916666666666667;0;0
org.apache.naming.ResourceLinkRef;5.0;47.5;0.0;2.916666666666667;0;0
org.apache.naming.ResourceRef;8.0;47.5;2.0;2.916666666666667;0;0
org.apache.naming.SelectorContext;41.0;47.5;1.032258064516129;2.916666666666667;0;0
org.apache.naming.ServiceRef;16.0;47.5;1.25;2.916666666666667;0;0
org.apache.naming.StringManager;7.0;47.5;1.1666666567325592;2.916666666666667;1;0
org.apache.naming.TransactionRef;4.0;47.5;0.0;2.916666666666667;0;0
org.apache.naming.factory.BeanFactory;2.0;47.5;0.0;2.916666666666667;0;0
org.apache.naming.factory.Constants;13.0;47.5;0.0;2.916666666666667;0;0
org.apache.naming.factory.EjbFactory;2.0;47.5;0.0;2.916666666666667;0;0
org.apache.naming.factory.MailSessionFactory;3.0;47.5;0.0;2.916666666666667;0;0
org.apache.naming.factory.OpenEjbFactory;3.0;47.5;0.0;2.916666666666667;0;0
org.apache.naming.factory.ResourceEnvFactory;2.0;47.5;0.0;2.916666666666667;0;0
org.apache.naming.factory.ResourceFactory;2.0;47.5;0.0;2.916666666666667;0;0
org.apache.naming.factory.ResourceLinkFactory;4.0;47.5;1.0;2.916666666666667;0;0
org.apache.naming.factory.SendMailFactory;3.0;47.5;0.0;2.916666666666667;0;0
org.apache.naming.factory.TransactionFactory;2.0;47.5;0.0;2.916666666666667;0;0
org.apache.naming.factory.webservices.ServiceProxy;9.0;47.5;1.0833333333333333;2.916666666666667;0;0
org.apache.naming.factory.webservices.ServiceRefFactory;4.0;47.5;0.0;2.916666666666667;0;0
org.apache.naming.java.javaURLContextFactory;5.0;47.5;2.0;2.916666666666667;0;0
org.apache.naming.resources.BaseDirContext;91.0;47.5;0.9935064927807876;2.916666666666667;0;0
org.apache.naming.resources.CacheEntry;11.0;47.5;2.0;2.916666666666667;0;0
org.apache.naming.resources.Constants;4.0;47.5;0.0;2.916666666666667;0;0
org.apache.naming.resources.DirContextURLConnection;21.0;47.5;1.0119047587116559;2.916666666666667;0;0
org.apache.naming.resources.DirContextURLStreamHandler;18.0;47.5;0.7499999900658926;2.916666666666667;0;0
org.apache.naming.resources.DirContextURLStreamHandlerFactory;2.0;47.5;0.0;2.916666666666667;0;0
org.apache.naming.resources.FileDirContext;35.0;47.5;1.0222222220014643;2.916666666666667;0;0
org.apache.naming.resources.ImmutableNameNotFoundException;7.0;47.5;1.25;2.916666666666667;0;0
org.apache.naming.resources.ProxyDirContext;84.0;47.5;0.9592039771934053;2.916666666666667;0;0
org.apache.naming.resources.RecyclableNamingEnumeration;9.0;47.5;0.8;2.916666666666667;0;0
org.apache.naming.resources.Resource;9.0;47.5;1.3333333333333333;2.916666666666667;0;0
org.apache.naming.resources.ResourceAttributes;65.0;47.5;0.9979166649281979;2.916666666666667;0;0
org.apache.naming.resources.ResourceCache;29.0;47.5;1.0529411763829344;2.916666666666667;0;0
org.apache.naming.resources.VirtualDirContext;12.0;47.5;0.8571428486279079;2.916666666666667;0;0
org.apache.naming.resources.WARDirContext;35.0;47.5;1.0119047611951828;2.916666666666667;0;0
org.apache.naming.resources.jndi.Handler;1.0;47.5;0.0;2.916666666666667;0;0
org.apache.tomcat.InstanceManager;4.0;47.5;0.0;2.916666666666667;0;0
org.apache.tomcat.JarScanner;1.0;47.5;0.0;2.916666666666667;0;0
org.apache.tomcat.JarScannerCallback;2.0;47.5;0.0;2.916666666666667;0;0
org.apache.tomcat.PeriodicEventListener;1.0;47.5;0.0;2.916666666666667;0;0
org.apache.tomcat.buildutil.Txt2Html;7.0;47.5;1.3333333333333333;2.916666666666667;0;0
org.apache.tomcat.jni.Address;10.0;47.5;1.1428571428571428;2.916666666666667;0;0
org.apache.tomcat.jni.BIOCallback;4.0;47.5;0.0;2.916666666666667;0;0
org.apache.tomcat.jni.Directory;9.0;47.5;0.0;2.916666666666667;0;0
org.apache.tomcat.jni.Error;8.0;47.5;1.25;2.916666666666667;0;0
org.apache.tomcat.jni.File;112.0;47.5;1.024390243902439;2.916666666666667;0;0
org.apache.tomcat.jni.FileInfo;18.0;47.5;0.0;2.916666666666667;0;0
org.apache.tomcat.jni.Global;7.0;47.5;0.0;2.916666666666667;0;0
org.apache.tomcat.jni.Library;49.0;47.5;1.125;2.916666666666667;0;0
org.apache.tomcat.jni.Local;6.0;47.5;0.0;2.916666666666667;0;0
org.apache.tomcat.jni.Lock;16.0;47.5;1.125;2.916666666666667;0;0
org.apache.tomcat.jni.Mmap;7.0;47.5;1.3333333333333333;2.916666666666667;0;0
org.apache.tomcat.jni.Multicast;6.0;47.5;0.0;2.916666666666667;0;0
org.apache.tomcat.jni.OS;31.0;47.5;1.1428571428571428;2.916666666666667;0;0
org.apache.tomcat.jni.PasswordCallback;1.0;47.5;0.0;2.916666666666667;0;0
org.apache.tomcat.jni.Poll;21.0;47.5;1.125;2.916666666666667;0;0
org.apache.tomcat.jni.Pool;14.0;47.5;0.0;2.916666666666667;0;0
org.apache.tomcat.jni.PoolCallback;1.0;47.5;0.0;2.916666666666667;0;0
org.apache.tomcat.jni.Proc;42.0;47.5;1.1666666666666667;2.916666666666667;1;0
org.apache.tomcat.jni.ProcErrorCallback;1.0;47.5;0.0;2.916666666666667;0;0
org.apache.tomcat.jni.Procattr;14.0;47.5;0.0;2.916666666666667;1;0
org.apache.tomcat.jni.Registry;44.0;47.5;1.0526315789473684;2.916666666666667;0;0
org.apache.tomcat.jni.SSL;136.0;47.5;1.0714285714285714;2.916666666666667;0;0
org.apache.tomcat.jni.SSLContext;15.0;47.5;0.0;2.916666666666667;0;0
org.apache.tomcat.jni.SSLSocket;8.0;47.5;0.0;2.916666666666667;0;0
org.apache.tomcat.jni.Shm;9.0;47.5;0.0;2.916666666666667;0;0
org.apache.tomcat.jni.Sockaddr;7.0;47.5;0.0;2.916666666666667;0;0
org.apache.tomcat.jni.Socket;72.0;47.5;1.0277777777777777;2.916666666666667;0;0
org.apache.tomcat.jni.Status;114.0;47.5;1.0188679245283019;2.916666666666667;0;0
org.apache.tomcat.jni.Stdlib;10.0;47.5;0.0;2.916666666666667;0;0
org.apache.tomcat.jni.Time;9.0;47.5;1.2;2.916666666666667;0;0
org.apache.tomcat.jni.User;11.0;47.5;0.0;2.916666666666667;0;0
org.apache.tomcat.util.DomUtil;16.0;47.5;1.0769230769230769;2.916666666666667;0;0
org.apache.tomcat.util.ExceptionUtils;2.0;47.5;0.0;2.916666666666667;0;0
org.apache.tomcat.util.IntrospectionUtils;36.0;47.5;1.0166666666666666;2.916666666666667;0;0
org.apache.tomcat.util.MutableInteger;5.0;47.5;2.0;2.916666666666667;0;0
org.apache.tomcat.util.bcel.Constants;122.0;47.5;0.0;2.916666666666667;0;0
org.apache.tomcat.util.bcel.classfile.AccessFlags;2.0;47.5;0.0;2.916666666666667;0;0
org.apache.tomcat.util.bcel.classfile.AnnotationDefault;6.0;47.5;1.5;2.916666666666667;0;0
org.apache.tomcat.util.bcel.classfile.AnnotationElementValue;6.0;47.5;1.3333333333333333;2.916666666666667;0;0
org.apache.tomcat.util.bcel.classfile.AnnotationEntry;10.0;47.5;1.133333330353101;2.916666666666667;0;0
org.apache.tomcat.util.bcel.classfile.Annotations;7.0;47.5;1.5;2.916666666666667;0;0
org.apache.tomcat.util.bcel.classfile.ArrayElementValue;6.0;47.5;1.3333333333333333;2.916666666666667;0;0
org.apache.tomcat.util.bcel.classfile.Attribute;13.0;47.5;1.1599999994039536;2.916666666666667;0;0
org.apache.tomcat.util.bcel.classfile.AttributeReader;1.0;47.5;0.0;2.916666666666667;0;0
org.apache.tomcat.util.bcel.classfile.ClassElementValue;4.0;47.5;2.0;2.916666666666667;0;0
org.apache.tomcat.util.bcel.classfile.ClassFormatException;3.0;47.5;0.0;2.916666666666667;0;0
org.apache.tomcat.util.bcel.classfile.ClassParser;26.0;47.5;1.0625;2.916666666666667;0;0
org.apache.tomcat.util.bcel.classfile.Code;20.0;47.5;1.1111111111111112;2.916666666666667;0;0
org.apache.tomcat.util.bcel.classfile.CodeException;10.0;47.5;1.3333333333333333;2.916666666666667;0;0
org.apache.tomcat.util.bcel.classfile.Constant;10.0;47.5;1.2;2.916666666666667;0;0
org.apache.tomcat.util.bcel.classfile.ConstantCP;8.0;47.5;1.3333333333333333;2.916666666666667;0;0
org.apache.tomcat.util.bcel.classfile.ConstantClass;6.0;47.5;1.5;2.916666666666667;0;0
org.apache.tomcat.util.bcel.classfile.ConstantDouble;6.0;47.5;1.5;2.916666666666667;0;0
org.apache.tomcat.util.bcel.classfile.ConstantFieldref;1.0;47.5;0.0;2.916666666666667;0;0
org.apache.tomcat.util.bcel.classfile.ConstantFloat;6.0;47.5;1.5;2.916666666666667;0;0
org.apache.tomcat.util.bcel.classfile.ConstantInteger;6.0;47.5;1.5;2.916666666666667;0;0
org.apache.tomcat.util.bcel.classfile.ConstantInterfaceMethodref;1.0;47.5;0.0;2.916666666666667;0;0
org.apache.tomcat.util.bcel.classfile.ConstantLong;6.0;47.5;1.5;2.916666666666667;0;0
org.apache.tomcat.util.bcel.classfile.ConstantMethodref;1.0;47.5;0.0;2.916666666666667;0;0
org.apache.tomcat.util.bcel.classfile.ConstantNameAndType;8.0;47.5;1.3333333333333333;2.916666666666667;0;0
org.apache.tomcat.util.bcel.classfile.ConstantObject;0.0;47.5;0.0;2.916666666666667;0;0
org.apache.tomcat.util.bcel.classfile.ConstantPool;11.0;47.5;1.1428571428571428;2.916666666666667;0;0
org.apache.tomcat.util.bcel.classfile.ConstantString;6.0;47.5;1.5;2.916666666666667;0;0
org.apache.tomcat.util.bcel.classfile.ConstantUtf8;5.0;47.5;1.5;2.916666666666667;0;0
org.apache.tomcat.util.bcel.classfile.ConstantValue;6.0;47.5;1.5;2.916666666666667;0;0
org.apache.tomcat.util.bcel.classfile.Deprecated;6.0;47.5;1.5;2.916666666666667;0;0
org.apache.tomcat.util.bcel.classfile.ElementValue;20.0;47.5;2.0;2.916666666666667;0;0
org.apache.tomcat.util.bcel.classfile.ElementValuePair;7.0;47.5;1.5;2.916666666666667;0;0
org.apache.tomcat.util.bcel.classfile.EnclosingMethod;6.0;47.5;2.0;2.916666666666667;0;0
org.apache.tomcat.util.bcel.classfile.EnumElementValue;5.0;47.5;2.0;2.916666666666667;0;0
org.apache.tomcat.util.bcel.classfile.ExceptionTable;8.0;47.5;1.3333333333333333;2.916666666666667;0;0
org.apache.tomcat.util.bcel.classfile.Field;6.0;47.5;1.3333333333333333;2.916666666666667;0;0
org.apache.tomcat.util.bcel.classfile.FieldOrMethod;11.0;47.5;1.5;2.916666666666667;0;0
org.apache.tomcat.util.bcel.classfile.InnerClass;10.0;47.5;1.3333333333333333;2.916666666666667;0;0
org.apache.tomcat.util.bcel.classfile.InnerClasses;8.0;47.5;1.3333333333333333;2.916666666666667;0;0
org.apache.tomcat.util.bcel.classfile.JavaClass;25.0;47.5;1.125;2.916666666666667;0;2
org.apache.tomcat.util.bcel.classfile.LineNumber;7.0;47.5;1.5;2.916666666666667;0;0
org.apache.tomcat.util.bcel.classfile.LineNumberTable;8.0;47.5;1.3333333333333333;2.916666666666667;0;0
org.apache.tomcat.util.bcel.classfile.LocalVariable;14.0;47.5;1.2;2.916666666666667;0;0
org.apache.tomcat.util.bcel.classfile.LocalVariableTable;9.0;47.5;1.25;2.916666666666667;0;0
org.apache.tomcat.util.bcel.classfile.LocalVariableTypeTable;8.0;47.5;1.3333333333333333;2.916666666666667;0;0
org.apache.tomcat.util.bcel.classfile.Method;9.0;47.5;1.2;2.916666666666667;0;0
org.apache.tomcat.util.bcel.classfile.PMGClass;9.0;47.5;1.25;2.916666666666667;0;0
org.apache.tomcat.util.bcel.classfile.ParameterAnnotationEntry;3.0;47.5;0.0;2.916666666666667;0;0
org.apache.tomcat.util.bcel.classfile.ParameterAnnotations;5.0;47.5;0.0;2.916666666666667;0;1
org.apache.tomcat.util.bcel.classfile.RuntimeInvisibleAnnotations;3.0;47.5;0.0;2.916666666666667;0;0
org.apache.tomcat.util.bcel.classfile.RuntimeInvisibleParameterAnnotations;2.0;47.5;0.0;2.916666666666667;0;0
org.apache.tomcat.util.bcel.classfile.RuntimeVisibleAnnotations;3.0;47.5;0.0;2.916666666666667;0;0
org.apache.tomcat.util.bcel.classfile.RuntimeVisibleParameterAnnotations;2.0;47.5;0.0;2.916666666666667;0;0
org.apache.tomcat.util.bcel.classfile.Signature;7.0;47.5;1.3333333333333333;2.916666666666667;0;0
org.apache.tomcat.util.bcel.classfile.SimpleElementValue;6.0;47.5;1.3333333333333333;2.916666666666667;0;0
org.apache.tomcat.util.bcel.classfile.SourceFile;7.0;47.5;1.3333333333333333;2.916666666666667;0;0
org.apache.tomcat.util.bcel.classfile.StackMap;8.0;47.5;1.3333333333333333;2.916666666666667;0;0
org.apache.tomcat.util.bcel.classfile.StackMapEntry;10.0;47.5;1.5;2.916666666666667;0;0
org.apache.tomcat.util.bcel.classfile.StackMapTable;8.0;47.5;1.3333333333333333;2.916666666666667;0;0
org.apache.tomcat.util.bcel.classfile.StackMapTableEntry;11.0;47.5;1.5;2.916666666666667;0;0
org.apache.tomcat.util.bcel.classfile.StackMapType;13.0;47.5;1.1428571428571428;2.916666666666667;0;0
org.apache.tomcat.util.bcel.classfile.Synthetic;6.0;47.5;1.5;2.916666666666667;0;0
org.apache.tomcat.util.bcel.classfile.Unknown;9.0;47.5;1.3333333333333333;2.916666666666667;0;0
org.apache.tomcat.util.bcel.classfile.Utility;25.0;47.5;1.0555555555555556;2.916666666666667;0;0
org.apache.tomcat.util.bcel.util.BCELComparator;2.0;47.5;0.0;2.916666666666667;0;0
org.apache.tomcat.util.bcel.util.ByteSequence;3.0;47.5;0.0;2.916666666666667;0;0
org.apache.tomcat.util.buf.Ascii;19.0;47.5;1.1;2.916666666666667;0;0
org.apache.tomcat.util.buf.B2CConverter;11.0;47.5;1.2499999925494194;2.916666666666667;0;0
org.apache.tomcat.util.buf.ByteChunk;67.0;47.5;1.010291594941661;2.916666666666667;0;0
org.apache.tomcat.util.buf.C2BConverter;17.0;47.5;0.9555555532375971;2.916666666666667;0;0
org.apache.tomcat.util.buf.CharChunk;60.0;47.5;1.0076530612244898;2.916666666666667;0;0
org.apache.tomcat.util.buf.HexUtils;6.0;47.5;1.5;2.916666666666667;0;0
org.apache.tomcat.util.buf.IntermediateInputStream;6.0;47.5;1.3333333333333333;2.916666666666667;0;0
org.apache.tomcat.util.buf.IntermediateOutputStream;10.0;47.5;1.1666666666666667;2.916666666666667;0;0
org.apache.tomcat.util.buf.MessageBytes;52.0;47.5;1.0073529411764706;2.916666666666667;0;0
org.apache.tomcat.util.buf.ReadConvertor;4.0;47.5;0.0;2.916666666666667;0;0
org.apache.tomcat.util.buf.StringCache;34.0;47.5;1.0476190472642581;2.916666666666667;0;0
org.apache.tomcat.util.buf.UDecoder;13.0;47.5;1.1;2.916666666666667;0;0
org.apache.tomcat.util.buf.UEncoder;12.0;47.5;1.0799999982118607;2.916666666666667;0;0
org.apache.tomcat.util.buf.WriteConvertor;6.0;47.5;1.0;2.916666666666667;0;0
org.apache.tomcat.util.digester.AbstractObjectCreationFactory;5.0;47.5;2.0;2.916666666666667;0;0
org.apache.tomcat.util.digester.AbstractRulesImpl;12.0;47.5;1.25;2.916666666666667;0;0
org.apache.tomcat.util.digester.ArrayStack;9.0;47.5;1.2;2.916666666666667;0;0
org.apache.tomcat.util.digester.CallMethodRule;24.0;47.5;1.0892857126891613;2.916666666666667;0;0
org.apache.tomcat.util.digester.CallParamRule;13.0;47.5;1.3333333333333333;2.916666666666667;0;0
org.apache.tomcat.util.digester.Digester;153.0;47.5;1.0045977011633416;2.916666666666667;0;0
org.apache.tomcat.util.digester.FactoryCreateRule;20.0;47.5;1.25;2.916666666666667;0;0
org.apache.tomcat.util.digester.GenericParser;5.0;47.5;0.0;2.916666666666667;0;0
org.apache.tomcat.util.digester.NodeCreateRule;8.0;47.5;1.5;2.916666666666667;0;0
org.apache.tomcat.util.digester.ObjectCreateRule;9.0;47.5;1.5;2.916666666666667;0;0
org.apache.tomcat.util.digester.ObjectCreationFactory;3.0;47.5;0.0;2.916666666666667;0;0
org.apache.tomcat.util.digester.ObjectParamRule;7.0;47.5;2.0;2.916666666666667;0;0
org.apache.tomcat.util.digester.ParserFeatureSetterFactory;3.0;47.5;0.0;2.916666666666667;0;0
org.apache.tomcat.util.digester.PathCallParamRule;4.0;47.5;2.0;2.916666666666667;0;0
org.apache.tomcat.util.digester.Rule;14.0;47.5;1.1;2.916666666666667;0;0
org.apache.tomcat.util.digester.RuleSet;2.0;47.5;0.0;2.916666666666667;0;0
org.apache.tomcat.util.digester.RuleSetBase;4.0;47.5;0.0;2.916666666666667;0;0
org.apache.tomcat.util.digester.Rules;8.0;47.5;0.0;2.916666666666667;0;0
org.apache.tomcat.util.digester.RulesBase;14.0;47.5;1.125;2.916666666666667;0;0
org.apache.tomcat.util.digester.SetNextRule;11.0;47.5;1.3333333333333333;2.916666666666667;0;0
org.apache.tomcat.util.digester.SetPropertiesRule;9.0;47.5;1.5;2.916666666666667;0;0
org.apache.tomcat.util.digester.SetPropertyRule;6.0;47.5;2.0;2.916666666666667;0;0
org.apache.tomcat.util.digester.SetRootRule;11.0;47.5;1.3333333333333333;2.916666666666667;0;0
org.apache.tomcat.util.digester.SetTopRule;11.0;47.5;1.3333333333333333;2.916666666666667;0;0
org.apache.tomcat.util.digester.WithDefaultsRulesWrapper;14.0;47.5;1.1111111111111112;2.916666666666667;0;0
org.apache.tomcat.util.digester.XercesParser;12.0;47.5;1.3333333333333333;2.916666666666667;0;0
org.apache.tomcat.util.http.AcceptLanguage;5.0;47.5;0.0;2.916666666666667;0;0
org.apache.tomcat.util.http.ContentType;3.0;47.5;0.0;2.916666666666667;0;0
org.apache.tomcat.util.http.CookieSupport;15.0;47.5;1.25;2.916666666666667;0;0
org.apache.tomcat.util.http.Cookies;19.0;47.5;1.0909090909090908;2.916666666666667;0;0
org.apache.tomcat.util.http.FastHttpDateFormat;15.0;47.5;1.05;2.916666666666667;0;0
org.apache.tomcat.util.http.HttpMessages;9.0;47.5;1.5;2.916666666666667;0;0
org.apache.tomcat.util.http.MimeHeaderField;8.0;47.5;1.5;2.916666666666667;0;0
org.apache.tomcat.util.http.MimeHeaders;23.0;47.5;0.9444444411330752;2.916666666666667;0;0
org.apache.tomcat.util.http.NamesEnumerator;8.0;47.5;1.5;2.916666666666667;0;0
org.apache.tomcat.util.http.Parameters;32.0;47.5;1.035714284516871;2.916666666666667;0;0
org.apache.tomcat.util.http.ServerCookie;29.0;47.5;1.0611111109455427;2.916666666666667;0;0
org.apache.tomcat.util.http.ValuesEnumerator;9.0;47.5;1.3999999985098839;2.916666666666667;0;0
org.apache.tomcat.util.http.fileupload.ByteArrayOutputStream;20.0;47.5;1.0303030284968289;2.916666666666667;0;0
org.apache.tomcat.util.http.fileupload.Closeable;2.0;47.5;0.0;2.916666666666667;0;0
org.apache.tomcat.util.http.fileupload.DeferredFileOutputStream;16.0;47.5;1.1666666666666667;2.916666666666667;0;0
org.apache.tomcat.util.http.fileupload.DiskFileItem;42.0;47.5;1.0390625;2.916666666666667;0;0
org.apache.tomcat.util.http.fileupload.DiskFileItemFactory;13.0;47.5;1.1666666666666667;2.916666666666667;0;0
org.apache.tomcat.util.http.fileupload.FileCleaningTracker;12.0;47.5;1.0;2.916666666666667;0;0
org.apache.tomcat.util.http.fileupload.FileDeleteStrategy;8.0;47.5;1.3333333333333333;2.916666666666667;0;0
org.apache.tomcat.util.http.fileupload.FileItem;15.0;47.5;0.0;2.916666666666667;0;0
org.apache.tomcat.util.http.fileupload.FileItemFactory;1.0;47.5;0.0;2.916666666666667;0;0
org.apache.tomcat.util.http.fileupload.FileItemHeaders;3.0;47.5;0.0;2.916666666666667;0;0
org.apache.tomcat.util.http.fileupload.FileItemHeadersImpl;8.0;47.5;0.777777761220932;2.916666666666667;0;0
org.apache.tomcat.util.http.fileupload.FileItemHeadersSupport;2.0;47.5;0.0;2.916666666666667;0;0
org.apache.tomcat.util.http.fileupload.FileItemIterator;2.0;47.5;0.0;2.916666666666667;0;0
org.apache.tomcat.util.http.fileupload.FileItemStream;5.0;47.5;0.0;2.916666666666667;0;0
org.apache.tomcat.util.http.fileupload.FileUpload;5.0;47.5;2.0;2.916666666666667;0;0
org.apache.tomcat.util.http.fileupload.FileUploadBase;35.0;47.5;1.0526315789473684;2.916666666666667;0;0
org.apache.tomcat.util.http.fileupload.FileUploadException;8.0;47.5;1.0;2.916666666666667;0;0
org.apache.tomcat.util.http.fileupload.FileUtils;7.0;47.5;0.0;2.916666666666667;0;0
org.apache.tomcat.util.http.fileupload.IOUtils;5.0;47.5;1.5;2.916666666666667;0;0
org.apache.tomcat.util.http.fileupload.LimitedInputStream;10.0;47.5;1.25;2.916666666666667;0;0
org.apache.tomcat.util.http.fileupload.MultipartStream;34.0;47.5;1.0745614034434159;2.916666666666667;0;0
org.apache.tomcat.util.http.fileupload.ParameterParser;18.0;47.5;1.1;2.916666666666667;0;0
org.apache.tomcat.util.http.fileupload.ProgressListener;1.0;47.5;0.0;2.916666666666667;0;0
org.apache.tomcat.util.http.fileupload.RequestContext;4.0;47.5;0.0;2.916666666666667;0;0
org.apache.tomcat.util.http.fileupload.ServletFileUpload;5.0;47.5;0.0;2.916666666666667;0;0
org.apache.tomcat.util.http.fileupload.ServletRequestContext;7.0;47.5;1.25;2.916666666666667;0;0
org.apache.tomcat.util.http.fileupload.Streams;6.0;47.5;1.3333333333333333;2.916666666666667;0;0
org.apache.tomcat.util.http.fileupload.ThresholdingOutputStream;16.0;47.5;1.1111111111111112;2.916666666666667;0;0
org.apache.tomcat.util.http.mapper.Mapper;50.0;47.5;1.018604651093483;2.916666666666667;0;0
org.apache.tomcat.util.http.mapper.MappingData;11.0;47.5;0.0;2.916666666666667;0;0
org.apache.tomcat.util.log.CaptureLog;6.0;47.5;1.0;2.916666666666667;0;0
org.apache.tomcat.util.log.SystemLogHandler;33.0;47.5;1.0357142857142858;2.916666666666667;1;0
org.apache.tomcat.util.modeler.AttributeInfo;22.0;47.5;1.0769230769230769;2.916666666666667;0;0
org.apache.tomcat.util.modeler.BaseAttributeFilter;7.0;47.5;0.0;2.916666666666667;0;0
org.apache.tomcat.util.modeler.BaseModelMBean;41.0;47.5;0.9999999997516473;2.916666666666667;0;0
org.apache.tomcat.util.modeler.BaseNotificationBroadcaster;8.0;47.5;0.6;2.916666666666667;0;0
org.apache.tomcat.util.modeler.BaseNotificationBroadcasterEntry;4.0;47.5;0.0;2.916666666666667;0;0
org.apache.tomcat.util.modeler.ConstructorInfo;3.0;47.5;0.0;2.916666666666667;0;0
org.apache.tomcat.util.modeler.FeatureInfo;12.0;47.5;1.2;2.916666666666667;0;0
org.apache.tomcat.util.modeler.FixedNotificationFilter;5.0;47.5;1.0;2.916666666666667;0;0
org.apache.tomcat.util.modeler.ManagedBean;39.0;47.5;1.0416666666666667;2.916666666666667;1;0
org.apache.tomcat.util.modeler.NotificationInfo;10.0;47.5;1.2;2.916666666666667;0;0
org.apache.tomcat.util.modeler.OperationInfo;15.0;47.5;1.1111111111111112;2.916666666666667;0;0
org.apache.tomcat.util.modeler.ParameterInfo;3.0;47.5;0.0;2.916666666666667;0;0
org.apache.tomcat.util.modeler.Registry;45.0;47.5;1.0090909087748239;2.916666666666667;0;0
org.apache.tomcat.util.modeler.RegistryMBean;7.0;47.5;0.0;2.916666666666667;0;0
org.apache.tomcat.util.modeler.modules.MbeansDescriptorsDOMSource;13.0;47.5;1.2;2.916666666666667;0;0
org.apache.tomcat.util.modeler.modules.MbeansDescriptorsDigesterSource;15.0;47.5;1.1666666666666667;2.916666666666667;0;0
org.apache.tomcat.util.modeler.modules.MbeansDescriptorsIntrospectionSource;22.0;47.5;1.0899999998509884;2.916666666666667;0;0
org.apache.tomcat.util.modeler.modules.MbeansDescriptorsSerSource;13.0;47.5;1.1666666656732558;2.916666666666667;0;0
org.apache.tomcat.util.modeler.modules.MbeansSource;29.0;47.5;1.0352941172964432;2.916666666666667;0;0
org.apache.tomcat.util.modeler.modules.MbeansSourceMBean;6.0;47.5;0.0;2.916666666666667;0;0
org.apache.tomcat.util.modeler.modules.ModelerSource;7.0;47.5;1.1666666666666667;2.916666666666667;0;0
org.apache.tomcat.util.net.AbstractEndpoint;161.0;47.5;1.0112531969214187;2.916666666666667;0;0
org.apache.tomcat.util.net.AprEndpoint;98.0;47.5;1.0123339658302646;2.916666666666667;0;0
org.apache.tomcat.util.net.DefaultServerSocketFactory;6.0;47.5;0.0;2.916666666666667;0;0
org.apache.tomcat.util.net.JIoEndpoint;23.0;47.5;1.0555555552244187;2.916666666666667;0;0
org.apache.tomcat.util.net.NioBlockingSelector;9.0;47.5;1.0;2.916666666666667;0;0
org.apache.tomcat.util.net.NioChannel;28.0;47.5;1.0095238089561462;2.916666666666667;0;0
org.apache.tomcat.util.net.NioEndpoint;73.0;47.5;1.009401708924108;2.916666666666667;0;0
org.apache.tomcat.util.net.NioSelectorPool;32.0;47.5;1.0138888876471255;2.916666666666667;0;0
org.apache.tomcat.util.net.SSLImplementation;10.0;47.5;1.6666666567325592;2.916666666666667;0;0
org.apache.tomcat.util.net.SSLSessionManager;1.0;47.5;0.0;2.916666666666667;0;0
org.apache.tomcat.util.net.SSLSupport;11.0;47.5;1.25;2.916666666666667;0;0
org.apache.tomcat.util.net.SecureNioChannel;31.0;47.5;0.9285714285714286;2.916666666666667;0;0
org.apache.tomcat.util.net.ServerSocketFactory;11.0;47.5;1.0;2.916666666666667;0;0
org.apache.tomcat.util.net.SocketProperties;74.0;47.5;0.9920141964542623;2.916666666666667;0;0
org.apache.tomcat.util.net.SocketWrapper;31.0;47.5;1.0555555555555556;2.916666666666667;0;0
org.apache.tomcat.util.net.URL;30.0;47.5;1.0486111110076308;2.916666666666667;0;0
org.apache.tomcat.util.net.jsse.JSSEFactory;4.0;47.5;0.0;2.916666666666667;0;0
org.apache.tomcat.util.net.jsse.JSSEImplementation;8.0;47.5;1.3333333333333333;2.916666666666667;0;0
org.apache.tomcat.util.net.jsse.JSSEKeyManager;9.0;47.5;0.7;2.916666666666667;1;0
org.apache.tomcat.util.net.jsse.JSSESocketFactory;38.0;47.5;1.027863776997516;2.916666666666667;0;0
org.apache.tomcat.util.net.jsse.JSSESupport;15.0;47.5;0.8571428528853825;2.916666666666667;0;0
org.apache.tomcat.util.net.jsse.NioX509KeyManager;10.0;47.5;0.6666666666666666;2.916666666666667;1;0
org.apache.tomcat.util.res.StringManager;7.0;47.5;1.1666666567325592;2.916666666666667;1;0
org.apache.tomcat.util.scan.Constants;6.0;47.5;0.0;2.916666666666667;0;0
org.apache.tomcat.util.scan.StandardJarScanner;16.0;47.5;1.125;2.916666666666667;0;0
org.apache.tomcat.util.threads.ResizableExecutor;5.0;47.5;0.0;2.916666666666667;0;0
org.apache.tomcat.util.threads.TaskQueue;8.0;47.5;0.3333333333333333;2.916666666666667;0;0
org.apache.tomcat.util.threads.TaskThreadFactory;7.0;47.5;0.0;2.916666666666667;0;0
org.apache.tomcat.util.threads.ThreadPoolExecutor;10.0;47.5;0.5;2.916666666666667;0;0
