Snapshot;Class;ChangeType
5426ab1212ae49b0c1b4bdcce66f4a90ccbc29c8;org.apache.lucene.index.IndexWriter;M
5d4bddceef4eee6df89c84ea5a07f79f1dce655d;org.apache.lucene.search.FilteredQuery;M
7bd8188ba606fb446ed900e2a2d928c86a192779;org.apache.lucene.index.FilterIndexReader;M
7bd8188ba606fb446ed900e2a2d928c86a192779;org.apache.lucene.index.SegmentTermDocs;M
7bd8188ba606fb446ed900e2a2d928c86a192779;org.apache.lucene.index.TermInfosReader;M
7bd8188ba606fb446ed900e2a2d928c86a192779;org.apache.lucene.index.TestFilterIndexReader;M
7bd8188ba606fb446ed900e2a2d928c86a192779;org.apache.lucene.index.TestSegmentTermEnum;M
7bd8188ba606fb446ed900e2a2d928c86a192779;org.apache.lucene.index.store.FSDirectoryTestCase;A
5ca4cb27e26448af68123db2e293e15e758c4759;org.apache.lucene.index.IndexWriter;M
27821a7f9af2dd78cbab8b6a3d46380b140d180a;org.apache.lucene.index.TermInfosReader;M
cdd960115840de3d09e37a7b0e22e76f85e15f3c;org.apache.lucene.analysis.de.GermanAnalyzer;M
cdd960115840de3d09e37a7b0e22e76f85e15f3c;org.apache.lucene.analysis.de.GermanStemmer;M
cdd960115840de3d09e37a7b0e22e76f85e15f3c;org.apache.lucene.queryParser.TestQueryParser;M
5884c9c8a89c1246843d135964635b170e6dc938;org.apache.lucene.search.CheckHits;A
5884c9c8a89c1246843d135964635b170e6dc938;org.apache.lucene.search.TestBasics;D
5884c9c8a89c1246843d135964635b170e6dc938;org.apache.lucene.search.spans.TestBasics;A
5884c9c8a89c1246843d135964635b170e6dc938;org.apache.lucene.search.spans.TestSpans;M
9c2a2fee32154054a05852ee5cb756c8afd2c6c1;org.apache.lucene.search.FieldCacheImpl;M
9c2a2fee32154054a05852ee5cb756c8afd2c6c1;org.apache.lucene.search.FieldDocSortedHitQueue;M
9c2a2fee32154054a05852ee5cb756c8afd2c6c1;org.apache.lucene.search.FieldSortedHitQueue;M
9c2a2fee32154054a05852ee5cb756c8afd2c6c1;org.apache.lucene.search.SortField;M
9c2a2fee32154054a05852ee5cb756c8afd2c6c1;org.apache.lucene.search.TestSort;M
ee00e19246fa777e891202422a22316445585210;org.apache.lucene.queryParser.QueryParser;M
d6a64bf03e8c7b998f2cb34ddf13587b9b9872ed;org.apache.lucene.analysis.StopAnalyzer;M
c67d8e8050fefcfa11f1f343f37cae6f183af280;org.apache.lucene.index.TermInfosReader;M
4e486c14349b20278c5d1e00b9335db0a1dffe86;org.apache.lucene.search.FieldCache;A
4e486c14349b20278c5d1e00b9335db0a1dffe86;org.apache.lucene.search.FieldCacheImpl;A
4e486c14349b20278c5d1e00b9335db0a1dffe86;org.apache.lucene.search.FieldDocSortedHitQueue;M
4e486c14349b20278c5d1e00b9335db0a1dffe86;org.apache.lucene.search.FieldSortedHitQueue;M
4e486c14349b20278c5d1e00b9335db0a1dffe86;org.apache.lucene.search.FloatSortedHitQueue;D
4e486c14349b20278c5d1e00b9335db0a1dffe86;org.apache.lucene.search.IndexSearcher;M
4e486c14349b20278c5d1e00b9335db0a1dffe86;org.apache.lucene.search.IntegerSortedHitQueue;D
4e486c14349b20278c5d1e00b9335db0a1dffe86;org.apache.lucene.search.MultiFieldSortedHitQueue;D
4e486c14349b20278c5d1e00b9335db0a1dffe86;org.apache.lucene.search.ScoreDocComparator;M
4e486c14349b20278c5d1e00b9335db0a1dffe86;org.apache.lucene.search.ScoreDocLookupComparator;D
4e486c14349b20278c5d1e00b9335db0a1dffe86;org.apache.lucene.search.SortComparator;A
4e486c14349b20278c5d1e00b9335db0a1dffe86;org.apache.lucene.search.SortComparatorSource;M
4e486c14349b20278c5d1e00b9335db0a1dffe86;org.apache.lucene.search.StringSortedHitQueue;D
4e486c14349b20278c5d1e00b9335db0a1dffe86;org.apache.lucene.search.SampleComparable;M
4e486c14349b20278c5d1e00b9335db0a1dffe86;org.apache.lucene.search.TestSort;M
1e2715d18d980e4f8c8cb5ac12abf3752851ee10;org.apache.lucene.store.FSDirectory;M
2a4dd6cb6297d5b318a502a35f79736f7f8b991c;org.apache.lucene.store.FSDirectory;M
aaf0f4b01df406944e05d2ba09f08081317b6c0e;org.apache.lucene.index.MultiTermEnum;M
aaf0f4b01df406944e05d2ba09f08081317b6c0e;org.apache.lucene.index.MultiTermPositions;M
aaf0f4b01df406944e05d2ba09f08081317b6c0e;org.apache.lucene.index.MultiTermDocs;M
b72f93d1b50ebb49140363868ffc4f06818ed6a2;org.apache.lucene.search.BooleanQuery;M
59f64337a9b585b5e86648ddf4e404317fd7db65;org.apache.lucene.document.DateField;M
e5d98fe28a849188e5f994cc5a2743b1d3cf298f;org.apache.lucene.search.TestFilteredQuery;M
43d7d6905478fee9a6e15a4d46fc621216237fb2;org.apache.lucene.search.TestFilteredQuery;M
840d9f1bb5265723629cfc81d2754bfaf51a237b;org.apache.lucene.store.FSDirectory;M
07013dfaf9115c446552c56241bcd6d84ba2e759;org.apache.lucene.search.BooleanScorer;M
03b25ce6bb7098d2ef5d249ef2018019c94d8af7;org.apache.lucene.search.spans.NearSpans;M
fd147a146efb3c460b7d7848818ee504bd66bbd1;org.apache.lucene.search.spans.NearSpans;M
2a2158c439a7a3fa90865ac935a948e912abef12;org.apache.lucene.index.FilterIndexReader;M
2a2158c439a7a3fa90865ac935a948e912abef12;org.apache.lucene.index.TestFilterIndexReader;M
6809069823fbac59930ebbccab18268ee8019c98;org.apache.lucene.search.FilteredQuery;M
9ed56d3d04ad1cdc3853988c3e97d9abe33ee200;org.apache.lucene.store.FSDirectory;M
9ed56d3d04ad1cdc3853988c3e97d9abe33ee200;org.apache.lucene.store.Lock;M
440be55927f03e0d66856252be624fb77541ce4a;org.apache.lucene.search.FilteredTermEnum;M
440be55927f03e0d66856252be624fb77541ce4a;org.apache.lucene.search.FuzzyTermEnum;M
440be55927f03e0d66856252be624fb77541ce4a;org.apache.lucene.search.WildcardTermEnum;M
c735ac4d006827a332248776eb05310f1da60c9c;org.apache.lucene.search.BooleanQuery;M
c735ac4d006827a332248776eb05310f1da60c9c;org.apache.lucene.search.BooleanScorer;M
c735ac4d006827a332248776eb05310f1da60c9c;org.apache.lucene.search.MultiSearcherThread;M
30c553aedce6586ee45982ab2d64e3a718903662;org.apache.lucene.index.FilterIndexReader;M
30c553aedce6586ee45982ab2d64e3a718903662;org.apache.lucene.index.MultiReader;M
7e5763e5ca7c02fc51214633283590000387547e;org.apache.lucene.store.FSDirectory;M
7e5763e5ca7c02fc51214633283590000387547e;org.apache.lucene.store.Lock;M
f5648fc28f51d2cac22f2b4eaf942035cf8a7636;org.apache.lucene.store.Lock;M
5bc629692781ffb313571dd869c9c4645719ed53;org.apache.lucene.store.FSDirectory;M
5bc629692781ffb313571dd869c9c4645719ed53;org.apache.lucene.store.Lock;M
5bc629692781ffb313571dd869c9c4645719ed53;org.apache.lucene.store.RAMDirectory;M
f0017af92143b46e782e7ccf557d416277f947e3;org.apache.lucene.search.CachingWrapperFilter;M
f0017af92143b46e782e7ccf557d416277f947e3;org.apache.lucene.search.FilteredQuery;M
f0017af92143b46e782e7ccf557d416277f947e3;org.apache.lucene.search.QueryFilter;M
f0017af92143b46e782e7ccf557d416277f947e3;org.apache.lucene.search.SortField;M
8271ebd473498601a95d6d4e32bf5f7091d173b9;org.apache.lucene.search.TestFilteredQuery;M
d9cd661cde5f25d63a295b68be8fcddcb653cee2;org.apache.lucene.search.FieldSortedHitQueue;M
b908476de5358680a5b72dda83ee4b3c87a5fd54;org.apache.lucene.search.ScoreDocComparator;M
c8f455b48221f806b7916ef23833a5adce77cd13;org.apache.lucene.search.FieldDoc;M
c8f455b48221f806b7916ef23833a5adce77cd13;org.apache.lucene.search.FieldDocSortedHitQueue;M
c8f455b48221f806b7916ef23833a5adce77cd13;org.apache.lucene.search.FieldSortedHitQueue;M
c8f455b48221f806b7916ef23833a5adce77cd13;org.apache.lucene.search.FloatSortedHitQueue;M
c8f455b48221f806b7916ef23833a5adce77cd13;org.apache.lucene.search.IntegerSortedHitQueue;M
c8f455b48221f806b7916ef23833a5adce77cd13;org.apache.lucene.search.MultiFieldSortedHitQueue;M
c8f455b48221f806b7916ef23833a5adce77cd13;org.apache.lucene.search.ScoreDocComparator;M
c8f455b48221f806b7916ef23833a5adce77cd13;org.apache.lucene.search.ScoreDocLookupComparator;M
c8f455b48221f806b7916ef23833a5adce77cd13;org.apache.lucene.search.SortComparatorSource;A
c8f455b48221f806b7916ef23833a5adce77cd13;org.apache.lucene.search.SortField;M
c8f455b48221f806b7916ef23833a5adce77cd13;org.apache.lucene.search.StringSortedHitQueue;M
c8f455b48221f806b7916ef23833a5adce77cd13;org.apache.lucene.search.SampleComparable;A
c8f455b48221f806b7916ef23833a5adce77cd13;org.apache.lucene.search.TestSort;M
1646bda9ef3ee82cfef7604ef0d2637e7cc41f52;org.apache.lucene.search.FilteredQuery;M
30ef9989dc6e8ff5334bb853f3de764e5f8547d5;org.apache.lucene.search.FilteredQuery;A
30ef9989dc6e8ff5334bb853f3de764e5f8547d5;org.apache.lucene.search.TestFilteredQuery;A
96e1b41127f44119e4140cd46d069e57c8b5f050;org.apache.lucene.search.IndexSearcher;M
9798fac712d9bcf827d40bcd234d89871bfe0f4e;org.apache.lucene.document.Document;M
221cfab84feb9af5099f3e7492945614b63c2c6b;org.apache.lucene.index.IndexReader;M
771fbd4b9d08877b3849057438de22abcb3c6811;org.apache.lucene.index.TestSegmentTermDocs;M
e51e76636ceb4e31c83022f43a0d3b171f73924e;org.apache.lucene.search.ConjunctionScorer;M
e51e76636ceb4e31c83022f43a0d3b171f73924e;org.apache.lucene.search.PhraseScorer;M
e51e76636ceb4e31c83022f43a0d3b171f73924e;org.apache.lucene.search.TestPhraseQuery;M
0cc255bf7bdbbd71c6dc7a23236b4d35980272d2;org.apache.lucene.index.IndexWriter;M
0cc255bf7bdbbd71c6dc7a23236b4d35980272d2;org.apache.lucene.index.SegmentMerger;M
0cc255bf7bdbbd71c6dc7a23236b4d35980272d2;org.apache.lucene.index.DocTest;M
0cc255bf7bdbbd71c6dc7a23236b4d35980272d2;org.apache.lucene.index.TestDoc;M
0cc255bf7bdbbd71c6dc7a23236b4d35980272d2;org.apache.lucene.index.TestSegmentMerger;M
236466c37f9ba20c632a44dac9d663115bb65e34;org.apache.lucene.store.RAMDirectory;M
8256d94f567c832be1e6a8b79aadb7e2cfae7a68;org.apache.lucene.index.IndexReader;M
1bbe8a9361c20a39d3d455cc27196231e0ffa849;org.apache.lucene.document.Document;M
6a9665f792b3c80bc708274e4e4252a0a4be42c4;org.apache.lucene.document.Document;M
6a9665f792b3c80bc708274e4e4252a0a4be42c4;org.apache.lucene.document.TestDocument;M
420d1d7c07968005bc735f3a823d956c8703e8c4;org.apache.lucene.demo.html.HTMLParser;M
d00487507e36b0106f140d6b9f4c0cf561aa0842;org.apache.lucene.index.SegmentMerger;M
d00487507e36b0106f140d6b9f4c0cf561aa0842;org.apache.lucene.index.SegmentTermDocs;M
d00487507e36b0106f140d6b9f4c0cf561aa0842;org.apache.lucene.index.SegmentTermEnum;M
d00487507e36b0106f140d6b9f4c0cf561aa0842;org.apache.lucene.index.TermInfosWriter;M
82dc3d50a3c737712c72f667443251337658607b;org.apache.lucene.search.TestPhraseQuery;M
0adb0734e2dea434723960ae76a8b90e5e615785;org.apache.lucene.index.SegmentTermDocs;M
bbbd0fb4081a487f35cdf5d9a5e6756992e04e70;org.apache.lucene.index.SegmentTermDocs;M
bbbd0fb4081a487f35cdf5d9a5e6756992e04e70;org.apache.lucene.index.SegmentTermEnum;M
995cee2769e9cef55b0dfb08591d7289fa1aa854;org.apache.lucene.index.SegmentTermPositions;M
9f5d7feafba5d6ce714d0a9dc4c420d088077ef6;org.apache.lucene.index.IndexWriter;M
9f5d7feafba5d6ce714d0a9dc4c420d088077ef6;org.apache.lucene.index.SegmentReader;M
a35399734de463a3fcc67ab82cac2de1d19dfcf0;org.apache.lucene.index.DocumentWriter;M
34b8f647fee17745c684d26497651a0debb4aac6;org.apache.lucene.search.WildcardQuery;M
3f151fa5f61e784e128d16016a83629369901341;org.apache.lucene.document.Field;M
e0ea2909c3b5930c0a55a4bfdc2f93d24a394bf8;org.apache.lucene.index.FilterIndexReader;M
e0ea2909c3b5930c0a55a4bfdc2f93d24a394bf8;org.apache.lucene.index.IndexReader;M
e0ea2909c3b5930c0a55a4bfdc2f93d24a394bf8;org.apache.lucene.index.MultiReader;M
e0ea2909c3b5930c0a55a4bfdc2f93d24a394bf8;org.apache.lucene.index.SegmentReader;M
e0ea2909c3b5930c0a55a4bfdc2f93d24a394bf8;org.apache.lucene.index.TestFilterIndexReader;M
e0ea2909c3b5930c0a55a4bfdc2f93d24a394bf8;org.apache.lucene.index.TestIndexReader;M
e0ea2909c3b5930c0a55a4bfdc2f93d24a394bf8;org.apache.lucene.index.TestMultiReader;M
9e8542e4d277aee447baa627f8a5e8fa710070b8;org.apache.lucene.search.spans.TestSpans;A
281004951b7086d4a80259a352e7f0f8935594f0;org.apache.lucene.index.SegmentInfos;M
360e7e234c746cb90d8eb1135537a2fdbcfe3583;org.apache.lucene.search.PhraseScorer;M
17338f468069d738ed02d3edbf6113665cc5e146;org.apache.lucene.search.Sort;M
4e81c2c56212a18dafd89af50dd93418ee92b175;org.apache.lucene.search.SortField;M
6e7df0fa69f8f71d52c1ae449d8f2c694920d36f;org.apache.lucene.search.Sort;M
6e7df0fa69f8f71d52c1ae449d8f2c694920d36f;org.apache.lucene.search.SortField;M
25f78d7cc2bb75f32fe67aafd1c8e085223d44a8;org.apache.lucene.analysis.de.GermanAnalyzer;M
25f78d7cc2bb75f32fe67aafd1c8e085223d44a8;org.apache.lucene.analysis.de.GermanStemmer;M
25f78d7cc2bb75f32fe67aafd1c8e085223d44a8;org.apache.lucene.analysis.de.WordlistLoader;M
16146cbd32bcb5b5f2a00f57dd6bdb17c3570f88;org.apache.lucene.demo.IndexFiles;M
6ce38ba310fb5ebe5415501b5108d1bbe47015b6;org.apache.lucene.analysis.de.GermanAnalyzer;M
31285cb2a35f27251c9f8e2f89d5748a929418f7;org.apache.lucene.analysis.de.GermanAnalyzer;M
15afb15cb65761041af3e2e35c4dc7c3682a3707;org.apache.lucene.index.FieldInfo;M
15afb15cb65761041af3e2e35c4dc7c3682a3707;org.apache.lucene.analysis.TestPerFieldAnalzyerWrapper;M
15afb15cb65761041af3e2e35c4dc7c3682a3707;org.apache.lucene.util.English;M
3f54fbaaea234b70cce77da3ccc24b43f15209c5;org.apache.lucene.search.FloatSortedHitQueue;M
3f54fbaaea234b70cce77da3ccc24b43f15209c5;org.apache.lucene.search.IntegerSortedHitQueue;M
3f54fbaaea234b70cce77da3ccc24b43f15209c5;org.apache.lucene.search.StringSortedHitQueue;M
338499e86bccbb938cb83b38e9a61fdf49e08203;org.apache.lucene.analysis.de.GermanAnalyzer;M
338499e86bccbb938cb83b38e9a61fdf49e08203;org.apache.lucene.analysis.de.WordlistLoader;M
c47982eb56cfff1ae5d3d11193b4a49ca72072f2;org.apache.lucene.index.SegmentTermDocs;M
3a2871b7402bfd28ca98ebc6edfb1eb416335df3;org.apache.lucene.index.IndexWriter;M
c513a55a5990f70c9c28abe451e418c4cf439add;org.apache.lucene.analysis.PerFieldAnalyzerWrapper;M
c513a55a5990f70c9c28abe451e418c4cf439add;org.apache.lucene.analysis.StopFilter;M
c513a55a5990f70c9c28abe451e418c4cf439add;org.apache.lucene.document.Document;M
c513a55a5990f70c9c28abe451e418c4cf439add;org.apache.lucene.index.IndexWriter;M
c513a55a5990f70c9c28abe451e418c4cf439add;org.apache.lucene.search.Hits;M
c513a55a5990f70c9c28abe451e418c4cf439add;org.apache.lucene.search.IndexSearcher;M
c513a55a5990f70c9c28abe451e418c4cf439add;org.apache.lucene.search.MultiSearcher;M
c513a55a5990f70c9c28abe451e418c4cf439add;org.apache.lucene.search.Searchable;M
c513a55a5990f70c9c28abe451e418c4cf439add;org.apache.lucene.search.Sort;M
019b6e7d57868a1c82a0bb27f52b9cf22bb4cfde;org.apache.lucene.util.StringHelper;M
9e24bfacfce56d7b81dbb5a6e9b4957d59e35015;org.apache.lucene.search.FieldSortedHitQueue;M
9e24bfacfce56d7b81dbb5a6e9b4957d59e35015;org.apache.lucene.search.FloatSortedHitQueue;M
9e24bfacfce56d7b81dbb5a6e9b4957d59e35015;org.apache.lucene.search.IntegerSortedHitQueue;M
9e24bfacfce56d7b81dbb5a6e9b4957d59e35015;org.apache.lucene.search.StringSortedHitQueue;M
9e24bfacfce56d7b81dbb5a6e9b4957d59e35015;org.apache.lucene.search.TestSort;M
f19a63217d6f0cac34c62f71509aa0955224f409;org.apache.lucene.index.IndexWriter;M
76bd7d9b29e2688b26eeb50a61409bc6a250ea91;org.apache.lucene.index.SegmentTermDocs;M
c79abd35dd2f9a70a992a3505ba44cdfe6eccf60;org.apache.lucene.index.Term;M
1ebfc379fd88b77fbfbb9e3fde89cba530db3ef7;org.apache.lucene.queryParser.QueryParserTokenManager;M
cfef632e3f5f78971caecb9846161869db8216a7;org.apache.lucene.search.MultiFieldSortedHitQueue;M
cfef632e3f5f78971caecb9846161869db8216a7;org.apache.lucene.search.TestSort;M
424291226d1ab75398ba402916a85dff32a47c70;org.apache.lucene.search.BooleanQuery;M
e5c04869d211ba026e30774383774e8a3857272c;org.apache.lucene.index.IndexWriter;M
e5c04869d211ba026e30774383774e8a3857272c;org.apache.lucene.store.FSDirectory;M
14065e0077670b52a192f73346e8d21d04d848aa;org.apache.lucene.store.FSDirectory;M
14065e0077670b52a192f73346e8d21d04d848aa;org.apache.lucene.store.Lock;M
712e742b78b8d51872ef3717121e6b34bbe1cfcf;org.apache.lucene.index.IndexWriter;M
712e742b78b8d51872ef3717121e6b34bbe1cfcf;org.apache.lucene.search.BooleanQuery;M
712e742b78b8d51872ef3717121e6b34bbe1cfcf;org.apache.lucene.store.Lock;M
5d2812b8f52d30651d74b09aea3031f7daf7147d;org.apache.lucene.search.FieldSortedHitQueue;M
1a8688c18fa5cf08d914930fc98852fa76ec2f94;org.apache.lucene.analysis.de.GermanAnalyzer;M
87d1685b0f1f9286a64a4d4dd8c1286ef121feb7;org.apache.lucene.analysis.StopAnalyzer;M
87d1685b0f1f9286a64a4d4dd8c1286ef121feb7;org.apache.lucene.analysis.StopFilter;M
87d1685b0f1f9286a64a4d4dd8c1286ef121feb7;org.apache.lucene.analysis.de.GermanAnalyzer;M
87d1685b0f1f9286a64a4d4dd8c1286ef121feb7;org.apache.lucene.analysis.de.GermanStemFilter;M
87d1685b0f1f9286a64a4d4dd8c1286ef121feb7;org.apache.lucene.analysis.de.WordlistLoader;M
87d1685b0f1f9286a64a4d4dd8c1286ef121feb7;org.apache.lucene.analysis.ru.RussianAnalyzer;M
87d1685b0f1f9286a64a4d4dd8c1286ef121feb7;org.apache.lucene.analysis.standard.StandardAnalyzer;M
7ceae266c5db88f7a0f62867c03d5d720e9b70c1;org.apache.lucene.analysis.StopFilter;M
8d7ce21934a45490fbe9b99e5d323a07658bf78c;org.apache.lucene.analysis.StopFilter;M
3c93b626769f3300bdca0d27fb6a12955bd24ab5;org.apache.lucene.store.FSDirectory;M
c230388a9279e28a8b8c19166d60456b69a68d9e;org.apache.lucene.analysis.StopFilter;M
279862825616f8769aa794f8e8e53109289f9cd2;org.apache.lucene.index.IndexWriter;M
9ada967125915f1e07be445e278787a10ded05a0;org.apache.lucene.queryParser.QueryParser;M
9ada967125915f1e07be445e278787a10ded05a0;org.apache.lucene.queryParser.QueryParserTokenManager;M
9ada967125915f1e07be445e278787a10ded05a0;org.apache.lucene.queryParser.TestQueryParser;M
cf06b516bc0242e4b37f420a585d818f0d9ffbbb;org.apache.lucene.queryParser.QueryParser;M
cf06b516bc0242e4b37f420a585d818f0d9ffbbb;org.apache.lucene.queryParser.TestQueryParser;M
17488d5e0844cacc31732897d0cf48d3663b6de9;org.apache.lucene.search.FieldDoc;M
17488d5e0844cacc31732897d0cf48d3663b6de9;org.apache.lucene.search.Sort;M
17488d5e0844cacc31732897d0cf48d3663b6de9;org.apache.lucene.search.SortField;M
9ad67bc42bd7cefe1b939d3beea0bef7d31d4351;org.apache.lucene.search.Query;M
eaee85e184ccaaf590130249c1d15ff125ff928b;org.apache.lucene.search.TestMultiSearcher;M
2439150b027d6f8e445b6e3474257991d0a2566b;org.apache.lucene.document.Document;M
2439150b027d6f8e445b6e3474257991d0a2566b;org.apache.lucene.document.DocumentFieldList;D
2439150b027d6f8e445b6e3474257991d0a2566b;org.apache.lucene.document.DocumentFieldEnumeration;D
2439150b027d6f8e445b6e3474257991d0a2566b;org.apache.lucene.document.TestDocument;M
d890b39eefe7b0021010b1ba60dc3542979be80a;org.apache.lucene.index.IndexReader;M
de9099fb7222b7b86067737b334d2334fdb8bff2;org.apache.lucene.search.PrefixQuery;M
de9099fb7222b7b86067737b334d2334fdb8bff2;org.apache.lucene.search.RangeQuery;M
3f3c0aa91729979c553ae80004d37043465dea73;org.apache.lucene.search.Sort;M
b8289d794305c38e0658bab8875dadd46f54f64d;org.apache.lucene.index.IndexReader;M
31974f29f0ce1012cdc7befba276b833da22ada2;org.apache.lucene.search.StringSortedHitQueue;M
0aca5291dcda7ea6c2f1c5fdae667571928691c0;org.apache.lucene.index.SegmentTermVector;M
0aca5291dcda7ea6c2f1c5fdae667571928691c0;org.apache.lucene.index.TermFreqVector;M
0aca5291dcda7ea6c2f1c5fdae667571928691c0;org.apache.lucene.search.QueryTermVector;M
60f1d192c7fe49cba55432569ed988099f4de5e4;org.apache.lucene.search.FieldDocSortedHitQueue;M
60f1d192c7fe49cba55432569ed988099f4de5e4;org.apache.lucene.search.FieldSortedHitQueue;M
60f1d192c7fe49cba55432569ed988099f4de5e4;org.apache.lucene.search.FloatSortedHitQueue;M
60f1d192c7fe49cba55432569ed988099f4de5e4;org.apache.lucene.search.IntegerSortedHitQueue;M
60f1d192c7fe49cba55432569ed988099f4de5e4;org.apache.lucene.search.MultiFieldSortedHitQueue;M
60f1d192c7fe49cba55432569ed988099f4de5e4;org.apache.lucene.search.Sort;M
60f1d192c7fe49cba55432569ed988099f4de5e4;org.apache.lucene.search.SortField;M
60f1d192c7fe49cba55432569ed988099f4de5e4;org.apache.lucene.search.TestSort;A
12eee6df5a994de466e89f626bc42b67a163c09a;org.apache.lucene.document.Field;M
12eee6df5a994de466e89f626bc42b67a163c09a;org.apache.lucene.index.CompoundFileReader;M
12eee6df5a994de466e89f626bc42b67a163c09a;org.apache.lucene.index.DocumentWriter;M
12eee6df5a994de466e89f626bc42b67a163c09a;org.apache.lucene.index.FieldInfo;M
12eee6df5a994de466e89f626bc42b67a163c09a;org.apache.lucene.index.FieldInfos;M
12eee6df5a994de466e89f626bc42b67a163c09a;org.apache.lucene.index.FieldsReader;M
12eee6df5a994de466e89f626bc42b67a163c09a;org.apache.lucene.index.FilterIndexReader;M
12eee6df5a994de466e89f626bc42b67a163c09a;org.apache.lucene.index.IndexReader;M
12eee6df5a994de466e89f626bc42b67a163c09a;org.apache.lucene.index.MultiReader;M
12eee6df5a994de466e89f626bc42b67a163c09a;org.apache.lucene.index.SegmentMerger;M
12eee6df5a994de466e89f626bc42b67a163c09a;org.apache.lucene.index.SegmentReader;M
12eee6df5a994de466e89f626bc42b67a163c09a;org.apache.lucene.index.SegmentTermPositions;M
12eee6df5a994de466e89f626bc42b67a163c09a;org.apache.lucene.index.SegmentTermVector;A
12eee6df5a994de466e89f626bc42b67a163c09a;org.apache.lucene.index.TermEnum;M
12eee6df5a994de466e89f626bc42b67a163c09a;org.apache.lucene.index.TermFreqVector;A
12eee6df5a994de466e89f626bc42b67a163c09a;org.apache.lucene.index.TermInfosWriter;M
12eee6df5a994de466e89f626bc42b67a163c09a;org.apache.lucene.index.TermPositionVector;A
12eee6df5a994de466e89f626bc42b67a163c09a;org.apache.lucene.index.TermVectorsReader;A
12eee6df5a994de466e89f626bc42b67a163c09a;org.apache.lucene.index.TermVectorsWriter;A
12eee6df5a994de466e89f626bc42b67a163c09a;org.apache.lucene.search.QueryTermVector;A
12eee6df5a994de466e89f626bc42b67a163c09a;org.apache.lucene.util.StringHelper;A
12eee6df5a994de466e89f626bc42b67a163c09a;org.apache.lucene.index.DocHelper;A
12eee6df5a994de466e89f626bc42b67a163c09a;org.apache.lucene.index.TestDocumentWriter;A
12eee6df5a994de466e89f626bc42b67a163c09a;org.apache.lucene.index.TestFieldInfos;A
12eee6df5a994de466e89f626bc42b67a163c09a;org.apache.lucene.index.TestFieldsReader;A
12eee6df5a994de466e89f626bc42b67a163c09a;org.apache.lucene.index.TestMultiReader;A
12eee6df5a994de466e89f626bc42b67a163c09a;org.apache.lucene.index.TestSegmentMerger;A
12eee6df5a994de466e89f626bc42b67a163c09a;org.apache.lucene.index.TestSegmentReader;A
12eee6df5a994de466e89f626bc42b67a163c09a;org.apache.lucene.index.TestSegmentTermDocs;A
12eee6df5a994de466e89f626bc42b67a163c09a;org.apache.lucene.index.TestTermVectorsReader;A
12eee6df5a994de466e89f626bc42b67a163c09a;org.apache.lucene.index.TestTermVectorsWriter;A
12eee6df5a994de466e89f626bc42b67a163c09a;org.apache.lucene.search.TestQueryTermVector;A
12eee6df5a994de466e89f626bc42b67a163c09a;org.apache.lucene.search.TestTermVectors;A
12eee6df5a994de466e89f626bc42b67a163c09a;org.apache.lucene.util.StringHelperTest;A
abb62bda9c989fa2503eb2fad65a1e6fcec81403;org.apache.lucene.index.FilterIndexReader;M
abb62bda9c989fa2503eb2fad65a1e6fcec81403;org.apache.lucene.index.IndexReader;M
abb62bda9c989fa2503eb2fad65a1e6fcec81403;org.apache.lucene.index.MultiReader;A
abb62bda9c989fa2503eb2fad65a1e6fcec81403;org.apache.lucene.index.MultiTermEnum;A
abb62bda9c989fa2503eb2fad65a1e6fcec81403;org.apache.lucene.index.MultiTermDocs;A
abb62bda9c989fa2503eb2fad65a1e6fcec81403;org.apache.lucene.index.MultiTermPositions;A
abb62bda9c989fa2503eb2fad65a1e6fcec81403;org.apache.lucene.index.SegmentReader;M
abb62bda9c989fa2503eb2fad65a1e6fcec81403;org.apache.lucene.index.SegmentsReader;D
abb62bda9c989fa2503eb2fad65a1e6fcec81403;org.apache.lucene.index.SegmentsTermEnum;D
abb62bda9c989fa2503eb2fad65a1e6fcec81403;org.apache.lucene.index.SegmentsTermDocs;D
abb62bda9c989fa2503eb2fad65a1e6fcec81403;org.apache.lucene.index.SegmentsTermPositions;D
98dcb2096be2a8fed4ef8ff9de390ef903466cc4;org.apache.lucene.index.IndexWriter;M
84d2f6994cccaf6cc28dfe978880af5aca84fb1f;org.apache.lucene.search.BooleanScorer;M
84d2f6994cccaf6cc28dfe978880af5aca84fb1f;org.apache.lucene.search.PhraseQuery;M
84d2f6994cccaf6cc28dfe978880af5aca84fb1f;org.apache.lucene.search.PhraseScorer;M
84d2f6994cccaf6cc28dfe978880af5aca84fb1f;org.apache.lucene.search.TermQuery;M
84d2f6994cccaf6cc28dfe978880af5aca84fb1f;org.apache.lucene.search.TermScorer;M
32d5bcd9501eaa316cc34caf46a7a18c424f4bf6;org.apache.lucene.search.FieldDoc;A
32d5bcd9501eaa316cc34caf46a7a18c424f4bf6;org.apache.lucene.search.FieldDocSortedHitQueue;A
32d5bcd9501eaa316cc34caf46a7a18c424f4bf6;org.apache.lucene.search.FieldSortedHitQueue;M
32d5bcd9501eaa316cc34caf46a7a18c424f4bf6;org.apache.lucene.search.FloatSortedHitQueue;A
32d5bcd9501eaa316cc34caf46a7a18c424f4bf6;org.apache.lucene.search.Hits;M
32d5bcd9501eaa316cc34caf46a7a18c424f4bf6;org.apache.lucene.search.IndexSearcher;M
32d5bcd9501eaa316cc34caf46a7a18c424f4bf6;org.apache.lucene.search.IntegerSortedHitQueue;A
32d5bcd9501eaa316cc34caf46a7a18c424f4bf6;org.apache.lucene.search.IntegerSortedSearcher;D
32d5bcd9501eaa316cc34caf46a7a18c424f4bf6;org.apache.lucene.search.MultiFieldSortedHitQueue;A
32d5bcd9501eaa316cc34caf46a7a18c424f4bf6;org.apache.lucene.search.MultiSearcher;M
32d5bcd9501eaa316cc34caf46a7a18c424f4bf6;org.apache.lucene.search.MultiSearcherThread;M
32d5bcd9501eaa316cc34caf46a7a18c424f4bf6;org.apache.lucene.search.ParallelMultiSearcher;M
32d5bcd9501eaa316cc34caf46a7a18c424f4bf6;org.apache.lucene.search.RemoteSearchable;M
32d5bcd9501eaa316cc34caf46a7a18c424f4bf6;org.apache.lucene.search.ScoreDocComparator;A
32d5bcd9501eaa316cc34caf46a7a18c424f4bf6;org.apache.lucene.search.ScoreDocLookupComparator;A
32d5bcd9501eaa316cc34caf46a7a18c424f4bf6;org.apache.lucene.search.Searchable;M
32d5bcd9501eaa316cc34caf46a7a18c424f4bf6;org.apache.lucene.search.Searcher;M
32d5bcd9501eaa316cc34caf46a7a18c424f4bf6;org.apache.lucene.search.Sort;A
32d5bcd9501eaa316cc34caf46a7a18c424f4bf6;org.apache.lucene.search.SortField;A
32d5bcd9501eaa316cc34caf46a7a18c424f4bf6;org.apache.lucene.search.StringSortedHitQueue;A
32d5bcd9501eaa316cc34caf46a7a18c424f4bf6;org.apache.lucene.search.TopFieldDocs;A
a8d459a9f5bf1530f70f211640d5a4bee275189e;org.apache.lucene.analysis.PerFieldAnalyzerWrapper;M
a3d7da14b40087eabed0241ada83bd67352e54e2;org.apache.lucene.search.HitCollector;M
61f5e16d9d1d017ad29ea58792a3d6f85025396f;org.apache.lucene.search.Query;M
423c29c749cb348117b8804b302aec50d0fa7167;org.apache.lucene.search.spans.NearSpans;M
423c29c749cb348117b8804b302aec50d0fa7167;org.apache.lucene.search.TestBasics;M
a66250c4ab5767be2df94c83cc51058a2da68343;org.apache.lucene.search.spans.NearSpans;M
a66250c4ab5767be2df94c83cc51058a2da68343;org.apache.lucene.search.spans.SpanOrQuery;M
a66250c4ab5767be2df94c83cc51058a2da68343;org.apache.lucene.search.spans.SpanQueue;D
a66250c4ab5767be2df94c83cc51058a2da68343;org.apache.lucene.search.spans.SpanTermQuery;M
a66250c4ab5767be2df94c83cc51058a2da68343;org.apache.lucene.search.TestBasics;M
37196df9e3d5344334720f073089c2bfbac3a72c;org.apache.lucene.index.SegmentTermDocs;M
755529c45c0327cbbfbc65b3cc6bbd4f270b1f08;org.apache.lucene.search.BooleanQuery;M
755529c45c0327cbbfbc65b3cc6bbd4f270b1f08;org.apache.lucene.search.PhrasePrefixQuery;M
755529c45c0327cbbfbc65b3cc6bbd4f270b1f08;org.apache.lucene.search.PhraseQuery;M
755529c45c0327cbbfbc65b3cc6bbd4f270b1f08;org.apache.lucene.search.Query;M
755529c45c0327cbbfbc65b3cc6bbd4f270b1f08;org.apache.lucene.search.TermQuery;M
755529c45c0327cbbfbc65b3cc6bbd4f270b1f08;org.apache.lucene.search.spans.SpanWeight;M
eb0c2853bb04ee3052ebd6ae1e725928ab2c13d3;org.apache.lucene.analysis.TestStopAnalyzer;M
f37a66bb2f48fb707143ff3b8bc747cd66c19be7;org.apache.lucene.search.TestPhraseQuery;M
7ce4f079f55b668edf293df626fa3125d476779e;org.apache.lucene.search.spans.Spans;M
93ff39de13075bca9990ee722e610801c090e394;org.apache.lucene.search.Similarity;M
93ff39de13075bca9990ee722e610801c090e394;org.apache.lucene.search.spans.NearSpans;A
93ff39de13075bca9990ee722e610801c090e394;org.apache.lucene.search.spans.SpanFirstQuery;A
93ff39de13075bca9990ee722e610801c090e394;org.apache.lucene.search.spans.SpanNearQuery;A
93ff39de13075bca9990ee722e610801c090e394;org.apache.lucene.search.spans.SpanNotQuery;A
93ff39de13075bca9990ee722e610801c090e394;org.apache.lucene.search.spans.SpanOrQuery;A
93ff39de13075bca9990ee722e610801c090e394;org.apache.lucene.search.spans.SpanQuery;A
93ff39de13075bca9990ee722e610801c090e394;org.apache.lucene.search.spans.SpanQueue;A
93ff39de13075bca9990ee722e610801c090e394;org.apache.lucene.search.spans.SpanScorer;A
93ff39de13075bca9990ee722e610801c090e394;org.apache.lucene.search.spans.SpanTermQuery;A
93ff39de13075bca9990ee722e610801c090e394;org.apache.lucene.search.spans.SpanWeight;A
93ff39de13075bca9990ee722e610801c090e394;org.apache.lucene.search.spans.Spans;A
93ff39de13075bca9990ee722e610801c090e394;org.apache.lucene.search.TestBasics;M
93ff39de13075bca9990ee722e610801c090e394;org.apache.lucene.search.TestSimilarity;M
5b90be88b7554521e9bd24220b8258b76de2ca7d;org.apache.lucene.store.FSDirectory;M
b918871d54f6046f468290ea4d1b73324aa0176b;org.apache.lucene.search.FieldSortedHitQueue;A
b918871d54f6046f468290ea4d1b73324aa0176b;org.apache.lucene.search.IntegerSortedSearcher;A
96141a27953433b99da62fa3dbe82b1f37658331;org.apache.lucene.demo.html.Entities;M
96141a27953433b99da62fa3dbe82b1f37658331;org.apache.lucene.demo.html.Tags;M
0304a92060b31d7c3a50e3185a69c7cee44b5d17;org.apache.lucene.demo.IndexFiles;M
0a39c6131bc86b35f7fef0c4e8b7bd6cbd659829;org.apache.lucene.analysis.ru.RussianAnalyzer;M
b1541ce02737a395fa040f23022a4877353c2ec4;org.apache.lucene.search.MultiSearcher;M
b1541ce02737a395fa040f23022a4877353c2ec4;org.apache.lucene.search.ParallelMultiSearcher;A
b1541ce02737a395fa040f23022a4877353c2ec4;org.apache.lucene.search.MultiSearcherThread;A
b1541ce02737a395fa040f23022a4877353c2ec4;org.apache.lucene.search.TestMultiSearcher;M
b1541ce02737a395fa040f23022a4877353c2ec4;org.apache.lucene.search.TestParallelMultiSearcher;A
6f8347c6fef2877bba40fe328392e32c6d76d27d;org.apache.lucene.index.DocumentWriter;M
6f8347c6fef2877bba40fe328392e32c6d76d27d;org.apache.lucene.index.SegmentMerger;M
6f8347c6fef2877bba40fe328392e32c6d76d27d;org.apache.lucene.index.SegmentTermDocs;M
6f8347c6fef2877bba40fe328392e32c6d76d27d;org.apache.lucene.index.SegmentTermEnum;M
6f8347c6fef2877bba40fe328392e32c6d76d27d;org.apache.lucene.index.SegmentTermPositions;M
6f8347c6fef2877bba40fe328392e32c6d76d27d;org.apache.lucene.index.TermInfo;M
6f8347c6fef2877bba40fe328392e32c6d76d27d;org.apache.lucene.index.TermInfosReader;M
6f8347c6fef2877bba40fe328392e32c6d76d27d;org.apache.lucene.index.TermInfosWriter;M
6f8347c6fef2877bba40fe328392e32c6d76d27d;org.apache.lucene.search.BooleanQuery;M
6f8347c6fef2877bba40fe328392e32c6d76d27d;org.apache.lucene.search.BooleanScorer;M
6f8347c6fef2877bba40fe328392e32c6d76d27d;org.apache.lucene.search.ConjunctionScorer;A
6f8347c6fef2877bba40fe328392e32c6d76d27d;org.apache.lucene.search.IndexSearcher;M
6f8347c6fef2877bba40fe328392e32c6d76d27d;org.apache.lucene.search.PhrasePositions;M
6f8347c6fef2877bba40fe328392e32c6d76d27d;org.apache.lucene.search.PhraseScorer;M
6f8347c6fef2877bba40fe328392e32c6d76d27d;org.apache.lucene.search.Scorer;M
6f8347c6fef2877bba40fe328392e32c6d76d27d;org.apache.lucene.search.TermScorer;M
6f8347c6fef2877bba40fe328392e32c6d76d27d;org.apache.lucene.store.RAMOutputStream;D
6f8347c6fef2877bba40fe328392e32c6d76d27d;org.apache.lucene.store.RAMFile;D
6f8347c6fef2877bba40fe328392e32c6d76d27d;org.apache.lucene.store.RAMInputStream;D
6f8347c6fef2877bba40fe328392e32c6d76d27d;org.apache.lucene.store.RAMFile;A
6f8347c6fef2877bba40fe328392e32c6d76d27d;org.apache.lucene.store.RAMInputStream;A
6f8347c6fef2877bba40fe328392e32c6d76d27d;org.apache.lucene.store.RAMOutputStream;A
6f8347c6fef2877bba40fe328392e32c6d76d27d;org.apache.lucene.ThreadSafetyTest;M
6f8347c6fef2877bba40fe328392e32c6d76d27d;org.apache.lucene.search.TestBasics;A
6f8347c6fef2877bba40fe328392e32c6d76d27d;org.apache.lucene.util.English;A
cd297692ca4edc498250b678c67ce8b135d6f04a;org.apache.lucene.util.Arrays;D
8016aa3ea5a157c40a1ced02d6992565dca85b00;org.apache.lucene.analysis.standard.StandardTokenizer;M
8016aa3ea5a157c40a1ced02d6992565dca85b00;org.apache.lucene.analysis.standard.StandardTokenizerConstants;M
8016aa3ea5a157c40a1ced02d6992565dca85b00;org.apache.lucene.analysis.standard.StandardTokenizerTokenManager;M
c03491e6a2c8c349e12a0f27438475f5bde07c19;org.apache.lucene.index.DocumentWriter;M
bd2acf0bf8ecc7aeea983e5b0630ecf798d84baf;org.apache.lucene.index.FilterIndexReader;M
bd2acf0bf8ecc7aeea983e5b0630ecf798d84baf;org.apache.lucene.index.IndexReader;M
bd2acf0bf8ecc7aeea983e5b0630ecf798d84baf;org.apache.lucene.index.SegmentReader;M
bd2acf0bf8ecc7aeea983e5b0630ecf798d84baf;org.apache.lucene.index.SegmentsReader;M
bd2acf0bf8ecc7aeea983e5b0630ecf798d84baf;org.apache.lucene.search.TestSetNorm;A
321b292be9ef1ddd344517bf4dc660d78ad95d3f;org.apache.lucene.search.PhrasePrefixQuery;M
321b292be9ef1ddd344517bf4dc660d78ad95d3f;org.apache.lucene.search.PhraseQuery;M
321b292be9ef1ddd344517bf4dc660d78ad95d3f;org.apache.lucene.search.TermQuery;M
859e6eee2054c72064e874c6ae7aff7e4abe4129;org.apache.lucene.analysis.PorterStemmer;M
537368266a80e8969800e642a8a2bc56e1181a10;org.apache.lucene.analysis.TestStopAnalyzer;M
d83ae1586c4017420c5f16034df4972f12a74224;org.apache.lucene.analysis.StopFilter;M
5bf1b92b147e58b8d0945153d55f4eb095606458;org.apache.lucene.analysis.StopFilter;M
32f3d1794a6beb970ae05f2498096d9ff351b3a8;org.apache.lucene.search.PhrasePrefixQuery;M
fd5806ddf2655d207fdcee2c82d6ad1cb3ca3554;org.apache.lucene.analysis.StopFilter;M
fd5806ddf2655d207fdcee2c82d6ad1cb3ca3554;org.apache.lucene.analysis.TestStopAnalyzer;A
40dd950e3fcde989422cd29a2d067d51d6536b70;org.apache.lucene.demo.html.Tags;M
fcc15f9a46990d7c448bc1e361529bec3f553c04;org.apache.lucene.queryParser.TestQueryParser;M
2fd0c0205b770387a99e0882b859ca70119fd79f;org.apache.lucene.queryParser.QueryParser;M
c76efdf4500725cfb6cda3ff9a45d922e29c7171;org.apache.lucene.search.BooleanQuery;M
393e5c2655fa3ae69bd08ed98f08e5869f777f10;org.apache.lucene.search.BooleanQuery;M
393e5c2655fa3ae69bd08ed98f08e5869f777f10;org.apache.lucene.search.TestBooleanPrefixQuery;A
41ab0e084c55ebc2924ca4becd35fb57497b2a50;org.apache.lucene.demo.html.HTMLParser;M
41ab0e084c55ebc2924ca4becd35fb57497b2a50;org.apache.lucene.demo.html.HTMLParserConstants;M
41ab0e084c55ebc2924ca4becd35fb57497b2a50;org.apache.lucene.demo.html.HTMLParserTokenManager;M
4e9ed243078e7f3399c3d5b28d33d6c89f7044b6;org.apache.lucene.demo.html.HTMLParser;M
4e9ed243078e7f3399c3d5b28d33d6c89f7044b6;org.apache.lucene.demo.html.Tags;A
dc4da65595d2a482ced4e3bf700cede33e7e01e1;org.apache.lucene.demo.html.HTMLParser;M
e535a52af60c01468a7851deab223b95b730556b;org.apache.lucene.index.FilterIndexReader;M
e535a52af60c01468a7851deab223b95b730556b;org.apache.lucene.index.IndexReader;M
e535a52af60c01468a7851deab223b95b730556b;org.apache.lucene.index.SegmentInfos;M
e535a52af60c01468a7851deab223b95b730556b;org.apache.lucene.index.SegmentReader;M
e535a52af60c01468a7851deab223b95b730556b;org.apache.lucene.index.SegmentsReader;M
dfaa46dd93dca82344188fb5bbbcf768474d11ec;org.apache.lucene.index.TestCompoundFile;M
841e65e492c06b858c056ec565ee3c48ebe90490;org.apache.lucene.index.CompoundFileReader;M
054d9a4029eb65827a450e6c5476fb3e1969276e;org.apache.lucene.store.RAMDirectory;M
3a80552bd0dc4d6e40b2fb9eb128461cdd515820;org.apache.lucene.index.IndexWriter;M
1a39c55c4c49423b64ec6ab9bbdf08058d83fb85;org.apache.lucene.queryParser.QueryParser;M
812d3329d7690cfd07565f887448948f23bb14db;org.apache.lucene.analysis.CharTokenizer;M
0401cf63e42f98f4143d827bdba2df78f94fdfbe;org.apache.lucene.analysis.standard.StandardAnalyzer;M
e0c4641ac2d71751f4cebd8891795cc1351e8054;org.apache.lucene.index.FilterIndexReader;M
9cf06f739c93bb0cfa23414c5ddc9d8a8e7dc90d;org.apache.lucene.index.SegmentsReader;M
af3fc298bd924fc57567b8747deaa8ef9e8c131a;org.apache.lucene.index.SegmentMerger;M
14b64e1380d6f6bbc0d35c4a8452b7e275f0d341;org.apache.lucene.index.IndexWriter;M
1a3d49c1ff42f8d37ed06f116fe249cbc2c7a092;org.apache.lucene.analysis.ru.TestRussianStem;M
7d039806975775eeb79dc18eb5f4457641e29603;org.apache.lucene.TestSearch;M
7d039806975775eeb79dc18eb5f4457641e29603;org.apache.lucene.TestSearchForDuplicates;M
7d039806975775eeb79dc18eb5f4457641e29603;org.apache.lucene.index.TestDoc;M
7d039806975775eeb79dc18eb5f4457641e29603;org.apache.lucene.search.TestNot;M
f538150c0b9ca167d5c5713e5a31608f0c9e492d;org.apache.lucene.index.TestCompoundFile;M
f538150c0b9ca167d5c5713e5a31608f0c9e492d;org.apache.lucene.index.TestDoc;M
f538150c0b9ca167d5c5713e5a31608f0c9e492d;org.apache.lucene.index.TestIndexReader;M
4fd1cea634b1fab175dbd21d46eee45ccaa3a2b9;org.apache.lucene.store.RAMDirectory;M
ede163802d733f1a1fb36c85c34cc9a983c3a1fc;org.apache.lucene.index.FilterIndexReader;M
ede163802d733f1a1fb36c85c34cc9a983c3a1fc;org.apache.lucene.index.IndexReader;M
ede163802d733f1a1fb36c85c34cc9a983c3a1fc;org.apache.lucene.index.SegmentReader;M
ede163802d733f1a1fb36c85c34cc9a983c3a1fc;org.apache.lucene.index.SegmentsReader;M
f0d57d81a37d62083b86cce316b0b780f7a46e1b;org.apache.lucene.index.FieldInfos;M
f0d57d81a37d62083b86cce316b0b780f7a46e1b;org.apache.lucene.index.FilterIndexReader;A
f0d57d81a37d62083b86cce316b0b780f7a46e1b;org.apache.lucene.index.IndexReader;M
f0d57d81a37d62083b86cce316b0b780f7a46e1b;org.apache.lucene.index.IndexWriter;M
f0d57d81a37d62083b86cce316b0b780f7a46e1b;org.apache.lucene.index.MultipleTermPositions;M
f0d57d81a37d62083b86cce316b0b780f7a46e1b;org.apache.lucene.index.SegmentMergeInfo;M
f0d57d81a37d62083b86cce316b0b780f7a46e1b;org.apache.lucene.index.SegmentMerger;M
f0d57d81a37d62083b86cce316b0b780f7a46e1b;org.apache.lucene.index.SegmentReader;M
f0d57d81a37d62083b86cce316b0b780f7a46e1b;org.apache.lucene.index.SegmentTermDocs;M
f0d57d81a37d62083b86cce316b0b780f7a46e1b;org.apache.lucene.index.SegmentTermPositions;M
f0d57d81a37d62083b86cce316b0b780f7a46e1b;org.apache.lucene.index.SegmentsTermDocs;M
f0d57d81a37d62083b86cce316b0b780f7a46e1b;org.apache.lucene.index.SegmentsReader;M
f0d57d81a37d62083b86cce316b0b780f7a46e1b;org.apache.lucene.index.TermDocs;M
f0d57d81a37d62083b86cce316b0b780f7a46e1b;org.apache.lucene.index.TestFilterIndexReader;A
ebd6dc86fa1286eab0dd9e19a9d5b949024f29d1;org.apache.lucene.analysis.standard.StandardAnalyzer;M
eda583780c8c62f0000adc2b127ac53e8394adcb;org.apache.lucene.analysis.ru.TestRussianAnalyzer;M
964c1b7ada1f478ba83591be60cacdede41a459b;org.apache.lucene.search.Similarity;M
3fd7ec26792b980cf6ac4bee5e51d21047272526;org.apache.lucene.index.IndexReader;M
3fd7ec26792b980cf6ac4bee5e51d21047272526;org.apache.lucene.index.IndexWriter;M
3fd7ec26792b980cf6ac4bee5e51d21047272526;org.apache.lucene.index.SegmentReader;M
6fe013aa7de7499f19af544a496233fc8b5306a0;org.apache.lucene.util.BitVector;M
6fe013aa7de7499f19af544a496233fc8b5306a0;org.apache.lucene.index.TestCompoundFile;M
6fe013aa7de7499f19af544a496233fc8b5306a0;org.apache.lucene.index.TestIndexWriter;M
6fe013aa7de7499f19af544a496233fc8b5306a0;org.apache.lucene.store._TestHelper;M
6fe013aa7de7499f19af544a496233fc8b5306a0;org.apache.lucene.util.TestBitVector;M
6600da8d847601c5e5228e678dbddeb2a3f0cbc9;org.apache.lucene.store.Lock;M
b84e20281e614bd6b00e4b0d5aaa0ff4c1efdfd6;org.apache.lucene.index.SegmentMerger;M
485e3c336ff745e6c40ed382cf62b5a5b2ecfacd;org.apache.lucene.index.SegmentReader;M
9e968c91272dee9aae23e415091e21c9a7b3fd25;org.apache.lucene.index.IndexReader;M
9e968c91272dee9aae23e415091e21c9a7b3fd25;org.apache.lucene.index.IndexWriter;M
59779c7455edd5e40a2423be31fb454a45617542;org.apache.lucene.index.CompoundFileReader;M
59779c7455edd5e40a2423be31fb454a45617542;org.apache.lucene.index.CompoundFileWriter;M
17af7399fd88fc8ed239399487f9a616b74092ce;org.apache.lucene.search.DateFilter;M
b118a27a8623ffbfab74ffed2cb6817d04292d9a;org.apache.lucene.analysis.standard.StandardTokenizerTokenManager;M
b67b9df5677ea1e20536dea2b5cd03a1fee39bec;org.apache.lucene.queryParser.QueryParser;M
ded5fcb7ac012b10c208977a0d22442777575278;org.apache.lucene.analysis.TestPerFieldAnalzyerWrapper;M
0e60607de8c7d19d80332c5b378ea98af12b076b;org.apache.lucene.analysis.ru.RussianStemmer;M
0e60607de8c7d19d80332c5b378ea98af12b076b;org.apache.lucene.queryParser.MultiFieldQueryParser;M
2216c0dee30ddf0bff2ba7950fc6d67a4418763b;org.apache.lucene.analysis.de.GermanStemmer;M
9808a5431917ec383b6ef7f98bb02cb918bffe92;org.apache.lucene.queryParser.QueryParser;M
22575e894298186ee02f45642263c7835d6988ec;org.apache.lucene.queryParser.QueryParser;M
eeb4099cfa7b279ebd2a252631f4c3324207080e;org.apache.lucene.index.FieldsReader;M
c3bae8805bc108d167997fe52a20e329b0ad1778;org.apache.lucene.queryParser.QueryParser;M
399ec233ff1ccd525131308775ff7bd115e0b844;org.apache.lucene.search.HitCollector;M
399ec233ff1ccd525131308775ff7bd115e0b844;org.apache.lucene.search.Query;M
c644322f131b7fcfb4e86d73471d275def399234;org.apache.lucene.search.CachingWrapperFilter;M
679aa509198cf6e9ceddb0aa78f38c5932206061;org.apache.lucene.analysis.standard.StandardTokenizer;M
679aa509198cf6e9ceddb0aa78f38c5932206061;org.apache.lucene.analysis.standard.StandardTokenizerConstants;M
679aa509198cf6e9ceddb0aa78f38c5932206061;org.apache.lucene.analysis.standard.StandardTokenizerTokenManager;M
13b2aa213699b93485c6c3894afff97c0f1b3e4a;org.apache.lucene.queryParser.TestQueryParser;M
15bcd46829c8798be03301424aa675e04640522b;org.apache.lucene.queryParser.QueryParser;M
99ffd3cf27b63d02f3964599422e2fd4e5922a79;org.apache.lucene.analysis.ru.TestRussianAnalyzer;M
e2559e40038c08047cf7b4f992ca25a94ce185d1;org.apache.lucene.index.CompoundFileReader;A
e2559e40038c08047cf7b4f992ca25a94ce185d1;org.apache.lucene.index.CompoundFileWriter;A
e2559e40038c08047cf7b4f992ca25a94ce185d1;org.apache.lucene.index.IndexWriter;M
e2559e40038c08047cf7b4f992ca25a94ce185d1;org.apache.lucene.index.SegmentMerger;M
e2559e40038c08047cf7b4f992ca25a94ce185d1;org.apache.lucene.index.SegmentReader;M
e2559e40038c08047cf7b4f992ca25a94ce185d1;org.apache.lucene.TestSearch;A
e2559e40038c08047cf7b4f992ca25a94ce185d1;org.apache.lucene.TestSearchForDuplicates;A
e2559e40038c08047cf7b4f992ca25a94ce185d1;org.apache.lucene.ThreadSafetyTest;M
e2559e40038c08047cf7b4f992ca25a94ce185d1;org.apache.lucene.index.DocTest;M
e2559e40038c08047cf7b4f992ca25a94ce185d1;org.apache.lucene.index.TestCompoundFile;A
e2559e40038c08047cf7b4f992ca25a94ce185d1;org.apache.lucene.index.TestDoc;A
e2559e40038c08047cf7b4f992ca25a94ce185d1;org.apache.lucene.store._TestHelper;A
4e84ddc3f58084e7eee33459909f408ae1aefe54;org.apache.lucene.store.FSInputStream;M
250f13e99cb2bff037304c75e1dacfb7c096cc91;org.apache.lucene.store.RAMDirectory;M
28ef35ee3ef3159fe836e30956781665a4fdd2c5;org.apache.lucene.index.TestIndexReader;M
93b5e6c230a4c053f23bde5fd00a2fd28366ff58;org.apache.lucene.index.IndexReader;M
dd29f75e77a29e38b7255f12bf5de546e65cdb73;org.apache.lucene.analysis.PerFieldAnalyzerWrapper;A
dd29f75e77a29e38b7255f12bf5de546e65cdb73;org.apache.lucene.analysis.TestPerFieldAnalzyerWrapper;A
2350513c894ff19d01959f4fdf786aaf39629a49;org.apache.lucene.search.TestPositionIncrement;M
bbc24bfca506ca31c3386ea570aa52cf1a06cf39;org.apache.lucene.search.TestPrefixQuery;M
8958352e855919553c1310c2d32022a91cc2cb12;org.apache.lucene.search.TestPhraseQuery;M
be4dd1b301ae6ec9796a8389fd125a6132007f51;org.apache.lucene.search.TestPrefixQuery;A
c31601d07324ff941015496977cb526990b3e11a;org.apache.lucene.search.TestRangeQuery;M
1e5eccf552274f4348fc0d5115671c267d3bfdad;org.apache.lucene.search.TestRangeQuery;M
9d46cda9e5f2c43242f2e98f3b09cf64cd8b81de;org.apache.lucene.util.PriorityQueue;M
899c3b1ec3a9d0898cba968599978aaa3bd1b50a;org.apache.lucene.search.Similarity;M
ed585a814db852c48e53ed5b38b60b0f8dff7bf0;org.apache.lucene.search.Explanation;M
f504aba39ba38c6353b24dc894433f469857c992;org.apache.lucene.document.Document;M
f4107e810e5a84507184585dc207762b0a31e446;org.apache.lucene.search.TestCachingWrapperFilter;A
f4107e810e5a84507184585dc207762b0a31e446;org.apache.lucene.search.TestCachingrWrapperFilter;D
a2f5f1c11da17ed8148236e1e63ce387149f46bf;org.apache.lucene.search.CachingWrapperFilter;A
a2f5f1c11da17ed8148236e1e63ce387149f46bf;org.apache.lucene.search.MockFilter;A
a2f5f1c11da17ed8148236e1e63ce387149f46bf;org.apache.lucene.search.TestCachingrWrapperFilter;A
063c173eba52c276c75116465e0d41490b1e8092;org.apache.lucene.search.IndexSearcher;M
063c173eba52c276c75116465e0d41490b1e8092;org.apache.lucene.search.MultiSearcher;M
2357f0c10693d0e91b9de345ae2765ac653e5065;org.apache.lucene.search.QueryFilter;M
2310d71e072eda0fb432519e53812e17badd1865;org.apache.lucene.search.TestRemoteSearchable;M
355e66eb342ed55764861fbf5318b1df39d85a74;org.apache.lucene.search.TestRemoteSearchable;M
bdcea5f2edc216196aa2766c844d7d93b808740f;org.apache.lucene.search.TestPhraseQuery;A
e73f0e28c3bbdc2771a3f31a85ca41dfca6706d4;org.apache.lucene.index.IndexWriter;M
7466b3b55ad3d057b6889fd28b865022d02d02cc;org.apache.lucene.index.TestIndexReader;M
045c15c808c9c837bda3a158e5db1d3562f6f272;org.apache.lucene.index.TestIndexWriter;M
165ee0d2c00edd48fb90789b3d5caa528fed4fca;org.apache.lucene.search.Similarity;M
e676d0f3d44d2c9adae11278e973c41dc87bb452;org.apache.lucene.search.Hits;M
e676d0f3d44d2c9adae11278e973c41dc87bb452;org.apache.lucene.search.QueryFilter;M
0b53524a1143551c197b86f3584d42f63125286e;org.apache.lucene.search.Hits;M
8b2bd68e846897cded5b30cb5fea86772c23db40;org.apache.lucene.search.DateFilter;M
2e082f2f008073ab9daee0008f24653bf9771d71;org.apache.lucene.search.IndexSearcher;M
2e082f2f008073ab9daee0008f24653bf9771d71;org.apache.lucene.search.MultiSearcher;M
2e082f2f008073ab9daee0008f24653bf9771d71;org.apache.lucene.util.PriorityQueue;M
2e082f2f008073ab9daee0008f24653bf9771d71;org.apache.lucene.util.TestPriorityQueue;M
6ecbab80ed0f68f16476d729c734a388b31e73e2;org.apache.lucene.search.FuzzyTermEnum;M
2af2d858774f7391f13341b8f588e75287868237;org.apache.lucene.demo.html.HTMLParser;A
2af2d858774f7391f13341b8f588e75287868237;org.apache.lucene.demo.html.HTMLParserConstants;A
2af2d858774f7391f13341b8f588e75287868237;org.apache.lucene.demo.html.HTMLParserTokenManager;A
2af2d858774f7391f13341b8f588e75287868237;org.apache.lucene.demo.html.ParseException;A
2af2d858774f7391f13341b8f588e75287868237;org.apache.lucene.demo.html.SimpleCharStream;A
2af2d858774f7391f13341b8f588e75287868237;org.apache.lucene.demo.html.Token;A
2af2d858774f7391f13341b8f588e75287868237;org.apache.lucene.demo.html.TokenMgrError;A
2af2d858774f7391f13341b8f588e75287868237;org.apache.lucene.analysis.standard.CharStream;A
2af2d858774f7391f13341b8f588e75287868237;org.apache.lucene.analysis.standard.StandardTokenizer;A
2af2d858774f7391f13341b8f588e75287868237;org.apache.lucene.analysis.standard.StandardTokenizerConstants;A
2af2d858774f7391f13341b8f588e75287868237;org.apache.lucene.analysis.standard.StandardTokenizerTokenManager;A
2af2d858774f7391f13341b8f588e75287868237;org.apache.lucene.analysis.standard.Token;A
2af2d858774f7391f13341b8f588e75287868237;org.apache.lucene.analysis.standard.TokenMgrError;A
2af2d858774f7391f13341b8f588e75287868237;org.apache.lucene.queryParser.CharStream;A
2af2d858774f7391f13341b8f588e75287868237;org.apache.lucene.queryParser.ParseException;A
2af2d858774f7391f13341b8f588e75287868237;org.apache.lucene.queryParser.QueryParser;A
2af2d858774f7391f13341b8f588e75287868237;org.apache.lucene.queryParser.QueryParserConstants;A
2af2d858774f7391f13341b8f588e75287868237;org.apache.lucene.queryParser.QueryParserTokenManager;A
2af2d858774f7391f13341b8f588e75287868237;org.apache.lucene.queryParser.Token;A
2af2d858774f7391f13341b8f588e75287868237;org.apache.lucene.queryParser.TokenMgrError;A
798fc0f0ef9ae13a29f3271f49522a5e4ef23acf;org.apache.lucene.search.PhraseScorer;M
577bfab58fceb7063eb2d92a2a644c10ac325181;org.apache.lucene.index.SegmentsTermEnum;M
ad3cd367369337af8abfa1da4346754c2e0e93fc;org.apache.lucene.index.TestSegmentTermEnum;A
3527232b78e9c584594cc8dfd9849394fa78157a;org.apache.lucene.index.TestIndexWriter;A
8c6911150881d770ca920d0e1b23395fbb993ce9;org.apache.lucene.search.RangeQuery;M
4433f0343acbdf882ebe228622c24e24b79a67fa;org.apache.lucene.search.TestRangeQuery;A
d59ac9481edd5dbc87e1ca99aef077c80c05544e;org.apache.lucene.search.WildcardTermEnum;M
b22cd7789009557c10718d470c16bc6b09e443ff;org.apache.lucene.index.IndexReader;M
b22cd7789009557c10718d470c16bc6b09e443ff;org.apache.lucene.index.IndexWriter;M
b22cd7789009557c10718d470c16bc6b09e443ff;org.apache.lucene.index.SegmentReader;M
b22cd7789009557c10718d470c16bc6b09e443ff;org.apache.lucene.store.Lock;M
7eb95be70573729840743e4a8a02b65cb58ec942;org.apache.lucene.index.MockInputStream;A
7eb95be70573729840743e4a8a02b65cb58ec942;org.apache.lucene.index.TestInputStream;A
a89de10f251736718d92308e17f29e6099eae0b2;org.apache.lucene.index.SegmentReader;M
a89de10f251736718d92308e17f29e6099eae0b2;org.apache.lucene.index.TermInfosReader;M
a89de10f251736718d92308e17f29e6099eae0b2;org.apache.lucene.search.DateFilter;M
a89de10f251736718d92308e17f29e6099eae0b2;org.apache.lucene.search.MultiTermQuery;M
a89de10f251736718d92308e17f29e6099eae0b2;org.apache.lucene.search.PrefixQuery;M
a89de10f251736718d92308e17f29e6099eae0b2;org.apache.lucene.search.RangeQuery;M
a89de10f251736718d92308e17f29e6099eae0b2;org.apache.lucene.index.TermInfosTest;M
47dfbc2b6a15f5ef7e8c0c37485755fc984776fc;org.apache.lucene.index.IndexWriter;M
b2c7697eb260a258b3f9586322cc1494d76662c0;org.apache.lucene.search.HitCollector;M
b2c7697eb260a258b3f9586322cc1494d76662c0;org.apache.lucene.search.Searcher;M
b39cecc5851389b05d8400da46eb96ca530a02d9;org.apache.lucene.search.BooleanQuery;M
1b36a9ddcc9cbabd01ce0f2b8c1794fe21f9b233;org.apache.lucene.store.FSDirectory;M
956b3c988ab07cb8dab2e3f525d67b930c97b7bd;org.apache.lucene.search.IndexSearcher;M
3b711ddb226ba77cf1ff0635820d227fdad0e425;org.apache.lucene.store.FSDirectory;M
1c8db6cfd019ff589137bbb10d5ea40acbe32699;org.apache.lucene.index.IndexReader;M
1c8db6cfd019ff589137bbb10d5ea40acbe32699;org.apache.lucene.store.FSDirectory;M
1c8db6cfd019ff589137bbb10d5ea40acbe32699;org.apache.lucene.store.Lock;M
1c8db6cfd019ff589137bbb10d5ea40acbe32699;org.apache.lucene.store.RAMDirectory;M
1c8db6cfd019ff589137bbb10d5ea40acbe32699;org.apache.lucene.ThreadSafetyTest;M
7d50426c4c6fd460316c4a4a1328962840b107ab;org.apache.lucene.index.TestIndexReader;M
49db32469f0764bf6946f519ee187bc1f99d7c2a;org.apache.lucene.index.IndexReader;M
49db32469f0764bf6946f519ee187bc1f99d7c2a;org.apache.lucene.index.SegmentReader;M
49db32469f0764bf6946f519ee187bc1f99d7c2a;org.apache.lucene.index.SegmentsReader;M
f980ec23e51c6dc3cd2188990fb04a335c5f6ca6;org.apache.lucene.search.TestPhrasePrefixQuery;M
f2099419e3476d77ed88b24a8e67709a71a9a39c;org.apache.lucene.search.RangeQuery;M
f2099419e3476d77ed88b24a8e67709a71a9a39c;org.apache.lucene.queryParser.TestQueryParser;M
d40c5493a6779b2fef19840547410e4fd37382c9;org.apache.lucene.search.WildcardTermEnum;M
0f610965625aab85eb7057ee4d83aa5084d051de;org.apache.lucene.index.IndexWriter;M
33c22d2f5ad20ba4f334e1009199426554cac1e4;org.apache.lucene.analysis.Token;M
395b5c52d9ad1a1d3470344fee5918a3f8d72d4c;org.apache.lucene.store.FSDirectory;M
ef7ff202fe9ebdd6d14882e5cc35161fbdac883f;org.apache.lucene.store.FSDirectory;M
24fa693cfff14f13b8eaf48b599f7649581411b9;org.apache.lucene.store.FSDirectory;M
470b5720e4a44f11882c70a65a26957a40ba9b3f;org.apache.lucene.queryParser.TestQueryParser;M
88408e014b313e81feaf2a13d339dfacfca57f12;org.apache.lucene.store.FSDirectory;M
b328dc940355829fb268b127c135765bc84218c7;org.apache.lucene.search.TestWildcard;M
9699a29da4749f4a25db47469fdb2d57b1440917;org.apache.lucene.util.BitVector;M
241b2d6a856d45b5f8265cb95b7297da5d173a3d;org.apache.lucene.queryParser.TestQueryParser;M
7248b18b1d187f4ebdd3fc2cec0fbc17f75c3e32;org.apache.lucene.search.BooleanQuery;M
7248b18b1d187f4ebdd3fc2cec0fbc17f75c3e32;org.apache.lucene.search.TestNot;A
201b56a2c4231cbcd928ee57add7b004f66a37ac;org.apache.lucene.analysis.de.GermanAnalyzer;M
b13e0488cb5578e3574bbebcb8be81f1d47b4c89;org.apache.lucene.document.Document;M
31ec31b325967a10a75bfc686b4a7ed639e121fc;org.apache.lucene.search.Similarity;M
c694d44442c28b3e873b0a064e72899f6dc2b5c2;org.apache.lucene.queryParser.TestQueryParser;M
d1fec6e83059c7f1c183c476896d7a265bd419c1;org.apache.lucene.search.BooleanQuery;M
637b10da6caae8afd9570ad266f46d82697d2319;org.apache.lucene.search.BooleanQuery;M
637b10da6caae8afd9570ad266f46d82697d2319;org.apache.lucene.search.Query;M
637b10da6caae8afd9570ad266f46d82697d2319;org.apache.lucene.search.TestWildcard;M
4642f95eb93dc452928cfb6da18648014b28688b;org.apache.lucene.search.BooleanQuery;M
4642f95eb93dc452928cfb6da18648014b28688b;org.apache.lucene.search.BooleanScorer;M
4642f95eb93dc452928cfb6da18648014b28688b;org.apache.lucene.search.IndexSearcher;M
4642f95eb93dc452928cfb6da18648014b28688b;org.apache.lucene.search.PhrasePrefixQuery;M
4642f95eb93dc452928cfb6da18648014b28688b;org.apache.lucene.search.PhraseQuery;M
4642f95eb93dc452928cfb6da18648014b28688b;org.apache.lucene.search.PhraseScorer;M
4642f95eb93dc452928cfb6da18648014b28688b;org.apache.lucene.search.TermQuery;M
4642f95eb93dc452928cfb6da18648014b28688b;org.apache.lucene.search.TermScorer;M
4642f95eb93dc452928cfb6da18648014b28688b;org.apache.lucene.search.Weight;M
77eb6fb06bc73a856dce2bec232ec65a33a81b69;org.apache.lucene.search.Query;M
a793838548393ed680605da5b8371d23caadd943;org.apache.lucene.search.BooleanQuery;M
a793838548393ed680605da5b8371d23caadd943;org.apache.lucene.search.PhrasePrefixQuery;M
a793838548393ed680605da5b8371d23caadd943;org.apache.lucene.search.PhraseQuery;M
a793838548393ed680605da5b8371d23caadd943;org.apache.lucene.search.Query;M
a2042c190b22a71bc1845e6147ac1cfb5acdb62e;org.apache.lucene.search.BooleanQuery;M
a2042c190b22a71bc1845e6147ac1cfb5acdb62e;org.apache.lucene.search.PhrasePrefixQuery;M
a2042c190b22a71bc1845e6147ac1cfb5acdb62e;org.apache.lucene.search.PhraseQuery;M
5b910b44b30355d169f2974a0199622081c8829c;org.apache.lucene.store.RAMDirectory;M
bdc8da18238ac00b969dd135ab691e78da02f04d;org.apache.lucene.search.BooleanQuery;M
bdc8da18238ac00b969dd135ab691e78da02f04d;org.apache.lucene.search.Hits;M
bdc8da18238ac00b969dd135ab691e78da02f04d;org.apache.lucene.search.IndexSearcher;M
bdc8da18238ac00b969dd135ab691e78da02f04d;org.apache.lucene.search.MultiSearcher;M
bdc8da18238ac00b969dd135ab691e78da02f04d;org.apache.lucene.search.Searchable;M
169fac073f7a4b45ae10a9162da7a459e04a40e3;org.apache.lucene.index.Term;M
169fac073f7a4b45ae10a9162da7a459e04a40e3;org.apache.lucene.search.BooleanClause;M
169fac073f7a4b45ae10a9162da7a459e04a40e3;org.apache.lucene.search.BooleanQuery;M
169fac073f7a4b45ae10a9162da7a459e04a40e3;org.apache.lucene.search.BooleanScorer;M
169fac073f7a4b45ae10a9162da7a459e04a40e3;org.apache.lucene.search.ExactPhraseScorer;M
169fac073f7a4b45ae10a9162da7a459e04a40e3;org.apache.lucene.search.Explanation;A
169fac073f7a4b45ae10a9162da7a459e04a40e3;org.apache.lucene.search.FuzzyQuery;M
169fac073f7a4b45ae10a9162da7a459e04a40e3;org.apache.lucene.search.Hits;M
169fac073f7a4b45ae10a9162da7a459e04a40e3;org.apache.lucene.search.IndexSearcher;M
169fac073f7a4b45ae10a9162da7a459e04a40e3;org.apache.lucene.search.MultiSearcher;M
169fac073f7a4b45ae10a9162da7a459e04a40e3;org.apache.lucene.search.MultiTermQuery;M
169fac073f7a4b45ae10a9162da7a459e04a40e3;org.apache.lucene.search.PhrasePrefixQuery;M
169fac073f7a4b45ae10a9162da7a459e04a40e3;org.apache.lucene.search.PhraseQuery;M
169fac073f7a4b45ae10a9162da7a459e04a40e3;org.apache.lucene.search.PhraseScorer;M
169fac073f7a4b45ae10a9162da7a459e04a40e3;org.apache.lucene.search.PrefixQuery;M
169fac073f7a4b45ae10a9162da7a459e04a40e3;org.apache.lucene.search.Query;M
169fac073f7a4b45ae10a9162da7a459e04a40e3;org.apache.lucene.search.RangeQuery;M
169fac073f7a4b45ae10a9162da7a459e04a40e3;org.apache.lucene.search.RemoteSearchable;M
169fac073f7a4b45ae10a9162da7a459e04a40e3;org.apache.lucene.search.Scorer;M
169fac073f7a4b45ae10a9162da7a459e04a40e3;org.apache.lucene.search.Searchable;M
169fac073f7a4b45ae10a9162da7a459e04a40e3;org.apache.lucene.search.SloppyPhraseScorer;M
169fac073f7a4b45ae10a9162da7a459e04a40e3;org.apache.lucene.search.TermQuery;M
169fac073f7a4b45ae10a9162da7a459e04a40e3;org.apache.lucene.search.TermScorer;M
169fac073f7a4b45ae10a9162da7a459e04a40e3;org.apache.lucene.search.Weight;A
169fac073f7a4b45ae10a9162da7a459e04a40e3;org.apache.lucene.search.WildcardQuery;M
169fac073f7a4b45ae10a9162da7a459e04a40e3;org.apache.lucene.queryParser.TestQueryParser;M
233c5c329a1e4b23b7ef8885b2c0af811d7ae647;org.apache.lucene.search.BooleanQuery;M
233c5c329a1e4b23b7ef8885b2c0af811d7ae647;org.apache.lucene.search.MultiTermQuery;M
c8a221d1e14eb5fe4f28a55d83ea1ded928bac11;org.apache.lucene.document.Document;M
956ef388fc855be5811af0afa042ba7126dd926e;org.apache.lucene.document.TestDocument;A
13bcec39d6786437806330f4f5e657d7dde85575;org.apache.lucene.document.Document;M
ca1240bec645842d79b2ef8de1eb680a4ab047d3;org.apache.lucene.document.Field;M
117172e11d703328ad32950ce79c07938c93f821;org.apache.lucene.index.IndexReader;M
117172e11d703328ad32950ce79c07938c93f821;org.apache.lucene.index.SegmentReader;M
117172e11d703328ad32950ce79c07938c93f821;org.apache.lucene.index.SegmentsReader;M
117172e11d703328ad32950ce79c07938c93f821;org.apache.lucene.index.TestIndexReader;A
2d2a191b87b62c5bc20f1cf58d12e7937947ab58;org.apache.lucene.document.DateField;M
0b346b06390301385096339871c37c6de6bd31a4;org.apache.lucene.analysis.LowerCaseFilter;M
bf5028d9ac6b3971d611ba502769286ccf4bed96;org.apache.lucene.analysis.ru.RussianAnalyzer;M
bf5028d9ac6b3971d611ba502769286ccf4bed96;org.apache.lucene.analysis.ru.RussianCharsets;M
bf5028d9ac6b3971d611ba502769286ccf4bed96;org.apache.lucene.analysis.ru.RussianLetterTokenizer;M
bf5028d9ac6b3971d611ba502769286ccf4bed96;org.apache.lucene.analysis.ru.RussianLowerCaseFilter;M
bf5028d9ac6b3971d611ba502769286ccf4bed96;org.apache.lucene.analysis.ru.RussianStemFilter;M
bf5028d9ac6b3971d611ba502769286ccf4bed96;org.apache.lucene.analysis.ru.RussianStemmer;M
3457e879bdaffafe29054eb790ed926d0572de17;org.apache.lucene.analysis.CharTokenizer;M
3457e879bdaffafe29054eb790ed926d0572de17;org.apache.lucene.analysis.LowerCaseFilter;M
3457e879bdaffafe29054eb790ed926d0572de17;org.apache.lucene.analysis.PorterStemFilter;M
3457e879bdaffafe29054eb790ed926d0572de17;org.apache.lucene.analysis.SimpleAnalyzer;M
3457e879bdaffafe29054eb790ed926d0572de17;org.apache.lucene.analysis.StopAnalyzer;M
3457e879bdaffafe29054eb790ed926d0572de17;org.apache.lucene.analysis.StopFilter;M
3457e879bdaffafe29054eb790ed926d0572de17;org.apache.lucene.analysis.TokenFilter;M
3457e879bdaffafe29054eb790ed926d0572de17;org.apache.lucene.analysis.Tokenizer;M
3457e879bdaffafe29054eb790ed926d0572de17;org.apache.lucene.analysis.WhitespaceAnalyzer;M
3457e879bdaffafe29054eb790ed926d0572de17;org.apache.lucene.analysis.de.GermanStemFilter;M
3457e879bdaffafe29054eb790ed926d0572de17;org.apache.lucene.analysis.ru.RussianAnalyzer;M
3457e879bdaffafe29054eb790ed926d0572de17;org.apache.lucene.analysis.ru.RussianLowerCaseFilter;M
3457e879bdaffafe29054eb790ed926d0572de17;org.apache.lucene.analysis.ru.RussianStemFilter;M
3457e879bdaffafe29054eb790ed926d0572de17;org.apache.lucene.analysis.standard.StandardAnalyzer;M
3457e879bdaffafe29054eb790ed926d0572de17;org.apache.lucene.analysis.standard.StandardFilter;M
3457e879bdaffafe29054eb790ed926d0572de17;org.apache.lucene.queryParser.TestQueryParser;M
0d9b89865c8936fd7f7e4317bbe3041739d14ba6;org.apache.lucene.search.TestMultiSearcher;M
57cdbe41879df17d6c89b2b36799128d874134d2;org.apache.lucene.search.MultiSearcher;M
686bdde10b17b09177f9d76f3a4c40e95bba505c;org.apache.lucene.SearchTestForDuplicates;M
0066cc0f7f1be794ccf11d5da534d07934ec9040;org.apache.lucene.search.Hits;M
c769f13a2cc9956e67f99a93fa1cf8efd6594860;org.apache.lucene.analysis.Token;M
6772e7567d96b0b670828a38866507012a8112e3;org.apache.lucene.document.Field;M
6772e7567d96b0b670828a38866507012a8112e3;org.apache.lucene.index.DocumentWriter;M
6772e7567d96b0b670828a38866507012a8112e3;org.apache.lucene.index.IndexWriter;M
6772e7567d96b0b670828a38866507012a8112e3;org.apache.lucene.search.BooleanQuery;M
6772e7567d96b0b670828a38866507012a8112e3;org.apache.lucene.search.BooleanScorer;M
6772e7567d96b0b670828a38866507012a8112e3;org.apache.lucene.search.DefaultSimilarity;A
6772e7567d96b0b670828a38866507012a8112e3;org.apache.lucene.search.ExactPhraseScorer;M
6772e7567d96b0b670828a38866507012a8112e3;org.apache.lucene.search.MultiTermQuery;M
6772e7567d96b0b670828a38866507012a8112e3;org.apache.lucene.search.PhrasePrefixQuery;M
6772e7567d96b0b670828a38866507012a8112e3;org.apache.lucene.search.PhraseQuery;M
6772e7567d96b0b670828a38866507012a8112e3;org.apache.lucene.search.PhraseScorer;M
6772e7567d96b0b670828a38866507012a8112e3;org.apache.lucene.search.PrefixQuery;M
6772e7567d96b0b670828a38866507012a8112e3;org.apache.lucene.search.Query;M
6772e7567d96b0b670828a38866507012a8112e3;org.apache.lucene.search.RangeQuery;M
6772e7567d96b0b670828a38866507012a8112e3;org.apache.lucene.search.Scorer;M
6772e7567d96b0b670828a38866507012a8112e3;org.apache.lucene.search.Searcher;M
6772e7567d96b0b670828a38866507012a8112e3;org.apache.lucene.search.Similarity;M
6772e7567d96b0b670828a38866507012a8112e3;org.apache.lucene.search.SloppyPhraseScorer;M
6772e7567d96b0b670828a38866507012a8112e3;org.apache.lucene.search.TermQuery;M
6772e7567d96b0b670828a38866507012a8112e3;org.apache.lucene.search.TermScorer;M
6772e7567d96b0b670828a38866507012a8112e3;org.apache.lucene.index.DocTest;M
6772e7567d96b0b670828a38866507012a8112e3;org.apache.lucene.search.TestDocBoost;M
6772e7567d96b0b670828a38866507012a8112e3;org.apache.lucene.search.TestSimilarity;A
98330b503079bc3a123219c4a24695d821b8befe;org.apache.lucene.analysis.Analyzer;M
98330b503079bc3a123219c4a24695d821b8befe;org.apache.lucene.analysis.CharTokenizer;M
98330b503079bc3a123219c4a24695d821b8befe;org.apache.lucene.analysis.StopFilter;M
98330b503079bc3a123219c4a24695d821b8befe;org.apache.lucene.analysis.TokenFilter;M
98330b503079bc3a123219c4a24695d821b8befe;org.apache.lucene.analysis.TokenStream;M
98330b503079bc3a123219c4a24695d821b8befe;org.apache.lucene.analysis.Tokenizer;M
98330b503079bc3a123219c4a24695d821b8befe;org.apache.lucene.index.DocumentWriter;M
98330b503079bc3a123219c4a24695d821b8befe;org.apache.lucene.index.IndexReader;M
98330b503079bc3a123219c4a24695d821b8befe;org.apache.lucene.index.IndexWriter;M
98330b503079bc3a123219c4a24695d821b8befe;org.apache.lucene.index.MultipleTermPositions;M
98330b503079bc3a123219c4a24695d821b8befe;org.apache.lucene.index.SegmentReader;M
98330b503079bc3a123219c4a24695d821b8befe;org.apache.lucene.index.SegmentsReader;M
98330b503079bc3a123219c4a24695d821b8befe;org.apache.lucene.index.TermEnum;M
98330b503079bc3a123219c4a24695d821b8befe;org.apache.lucene.index.TermInfosWriter;M
98330b503079bc3a123219c4a24695d821b8befe;org.apache.lucene.search.Filter;M
98330b503079bc3a123219c4a24695d821b8befe;org.apache.lucene.search.FilteredTermEnum;M
98330b503079bc3a123219c4a24695d821b8befe;org.apache.lucene.search.FuzzyQuery;M
98330b503079bc3a123219c4a24695d821b8befe;org.apache.lucene.search.FuzzyTermEnum;M
98330b503079bc3a123219c4a24695d821b8befe;org.apache.lucene.search.MultiTermQuery;M
98330b503079bc3a123219c4a24695d821b8befe;org.apache.lucene.search.PhraseScorer;M
98330b503079bc3a123219c4a24695d821b8befe;org.apache.lucene.search.Query;M
98330b503079bc3a123219c4a24695d821b8befe;org.apache.lucene.search.Searcher;M
98330b503079bc3a123219c4a24695d821b8befe;org.apache.lucene.search.Similarity;M
98330b503079bc3a123219c4a24695d821b8befe;org.apache.lucene.search.WildcardTermEnum;M
98330b503079bc3a123219c4a24695d821b8befe;org.apache.lucene.store.Directory;M
98330b503079bc3a123219c4a24695d821b8befe;org.apache.lucene.store.FSDirectory;M
98330b503079bc3a123219c4a24695d821b8befe;org.apache.lucene.store.InputStream;M
98330b503079bc3a123219c4a24695d821b8befe;org.apache.lucene.store.OutputStream;M
98330b503079bc3a123219c4a24695d821b8befe;org.apache.lucene.store.RAMDirectory;M
98330b503079bc3a123219c4a24695d821b8befe;org.apache.lucene.util.PriorityQueue;M
d0a577e1bda2ac24d19c7c613dceb95341c7b108;org.apache.lucene.HighFreqTerms;D
d0a577e1bda2ac24d19c7c613dceb95341c7b108;org.apache.lucene.TermInfo;D
d0a577e1bda2ac24d19c7c613dceb95341c7b108;org.apache.lucene.TermInfoQueue;D
748fdb1b96562bdb9e1113fcf8a798a6f7537804;org.apache.lucene.util.TestBitVector;A
7cfc8520acb3e2e7da10fe695fa2e3f81239a440;org.apache.lucene.document.Document;M
9f8e2c5e26c178fafae9834a7bd20a29be5298e7;org.apache.lucene.search.TestPositionIncrement;M
933bac2435e57e124967f215e94e040dce5f66ba;org.apache.lucene.index.SegmentsReader;M
933bac2435e57e124967f215e94e040dce5f66ba;org.apache.lucene.search.MultiSearcher;M
474d9de9858f7c20bcdc2334c4e0b7788b54f385;org.apache.lucene.index.FieldsReader;M
66185189988b35052f8ba5834bc45334d101a5a9;org.apache.lucene.search.TestMultiSearcher;M
0b2bd2cd3dcc03a3c58b29a82cdb4fc23600c94e;org.apache.lucene.index.SegmentsReader;M
4840a8422b4dffd7f8557ca3b242effea36eedb1;org.apache.lucene.index.SegmentsReader;M
65b2aab4f0c9671d37c3b0fd307d112c34d79bec;org.apache.lucene.search.TestMultiSearcher;A
7e8ab54e09061c6eb5d66cbaec9ad744924b307a;org.apache.lucene.analysis.ru.RussianStemmer;M
846da57000f2919bf83794dc94013d88ffdd069c;org.apache.lucene.index.FieldsReader;M
ca982c77db99d2739765c09ed15f93daba15a0dc;org.apache.lucene.analysis.ru.TestRussianAnalyzer;M
ca982c77db99d2739765c09ed15f93daba15a0dc;org.apache.lucene.analysis.ru.TestRussianStem;M
fce9b6fe3a47b52529abea7005c8f1ba95d7594f;org.apache.lucene.analysis.ru.TestRussianAnalyzer;A
fce9b6fe3a47b52529abea7005c8f1ba95d7594f;org.apache.lucene.analysis.ru.TestRussianStem;A
e63750554f040634a9eb7ab773b38ec5a86bd86f;org.apache.lucene.analysis.ru.RussianAnalyzer;A
e63750554f040634a9eb7ab773b38ec5a86bd86f;org.apache.lucene.analysis.ru.RussianCharsets;A
e63750554f040634a9eb7ab773b38ec5a86bd86f;org.apache.lucene.analysis.ru.RussianLetterTokenizer;A
e63750554f040634a9eb7ab773b38ec5a86bd86f;org.apache.lucene.analysis.ru.RussianLowerCaseFilter;A
e63750554f040634a9eb7ab773b38ec5a86bd86f;org.apache.lucene.analysis.ru.RussianStemFilter;A
e63750554f040634a9eb7ab773b38ec5a86bd86f;org.apache.lucene.analysis.ru.RussianStemmer;A
f65bc68dfc85a943a2b70a7cb084a5d2616955e6;org.apache.lucene.search.PhraseQuery;M
bbbc192097f0571d0133e7e7502a7e16d1e45516;org.apache.lucene.search.BooleanClause;M
bbbc192097f0571d0133e7e7502a7e16d1e45516;org.apache.lucene.search.TestRemoteSearchable;M
689293d13b309e3079c610ac8885c43f7371381f;org.apache.lucene.index.SegmentReader;M
689293d13b309e3079c610ac8885c43f7371381f;org.apache.lucene.store.Directory;M
689293d13b309e3079c610ac8885c43f7371381f;org.apache.lucene.store.FSDirectory;M
689293d13b309e3079c610ac8885c43f7371381f;org.apache.lucene.store.RAMDirectory;M
5dbea9548511ae46d991593054edd012a69729ef;org.apache.lucene.index.IndexWriter;M
06d359828b052835711b08a75af5d60b35979169;org.apache.lucene.search.QueryFilter;A
91512d5dde598028fe3ced9674684a14b74a4597;org.apache.lucene.analysis.Token;M
efb2e127056ebadc2b5165b98b8f2beaaa616239;org.apache.lucene.analysis.Token;M
efb2e127056ebadc2b5165b98b8f2beaaa616239;org.apache.lucene.index.DocumentWriter;M
efb2e127056ebadc2b5165b98b8f2beaaa616239;org.apache.lucene.search.TestPositionIncrement;A
5fbe9f817996a8d3bafa83a3a99bbae0d444def2;org.apache.lucene.store.Directory;M
5fbe9f817996a8d3bafa83a3a99bbae0d444def2;org.apache.lucene.store.FSDirectory;M
5fbe9f817996a8d3bafa83a3a99bbae0d444def2;org.apache.lucene.store.InputStream;M
5fbe9f817996a8d3bafa83a3a99bbae0d444def2;org.apache.lucene.store.OutputStream;M
5fbe9f817996a8d3bafa83a3a99bbae0d444def2;org.apache.lucene.store.RAMDirectory;M
6e202b2be1503786b403cc23db7bdf11a9d68fef;org.apache.lucene.document.Document;M
6e202b2be1503786b403cc23db7bdf11a9d68fef;org.apache.lucene.document.Field;M
6e202b2be1503786b403cc23db7bdf11a9d68fef;org.apache.lucene.index.DocumentWriter;M
6e202b2be1503786b403cc23db7bdf11a9d68fef;org.apache.lucene.index.IndexReader;M
6e202b2be1503786b403cc23db7bdf11a9d68fef;org.apache.lucene.search.PhrasePrefixQuery;M
6e202b2be1503786b403cc23db7bdf11a9d68fef;org.apache.lucene.search.PhraseScorer;M
6e202b2be1503786b403cc23db7bdf11a9d68fef;org.apache.lucene.search.Similarity;M
6e202b2be1503786b403cc23db7bdf11a9d68fef;org.apache.lucene.search.TermScorer;M
6e202b2be1503786b403cc23db7bdf11a9d68fef;org.apache.lucene.search.TestDocBoost;A
419359a057ddacc9d1ce168ab84cd6ed0ef2e380;org.apache.lucene.analysis.de.GermanStemmer;M
aedf9e1ccfbdcedb5406cc3521831c55cee0f839;org.apache.lucene.analysis.de.GermanAnalyzer;M
6b58d410835bb855f978dd72fe72a483ac0c00d7;org.apache.lucene.search.TestWildcard;M
15bbd8def83fd3908a931a8342eef0b76a526e4d;org.apache.lucene.index.MultipleTermPositions;A
15bbd8def83fd3908a931a8342eef0b76a526e4d;org.apache.lucene.search.PhrasePrefixQuery;A
15bbd8def83fd3908a931a8342eef0b76a526e4d;org.apache.lucene.search.TestPhrasePrefixQuery;A
0221ec480be9fbe4509ce2698c9cf59a0bd4d5b6;org.apache.lucene.queryParser.TestQueryParser;M
22f068248d655e05155f6cc44bdd0ad117eeb7ec;org.apache.lucene.search.RemoteSearchable;A
22f068248d655e05155f6cc44bdd0ad117eeb7ec;org.apache.lucene.search.RemoteSearchableImpl;D
22f068248d655e05155f6cc44bdd0ad117eeb7ec;org.apache.lucene.search.Searchable;M
22f068248d655e05155f6cc44bdd0ad117eeb7ec;org.apache.lucene.search.Searcher;M
22f068248d655e05155f6cc44bdd0ad117eeb7ec;org.apache.lucene.search.TestRemoteSearchable;M
28eb95821f4ee980d31f6fce0488b855397159ba;org.apache.lucene.document.Document;M
28eb95821f4ee980d31f6fce0488b855397159ba;org.apache.lucene.document.DocumentFieldList;M
28eb95821f4ee980d31f6fce0488b855397159ba;org.apache.lucene.document.Field;M
28eb95821f4ee980d31f6fce0488b855397159ba;org.apache.lucene.search.Filter;M
28eb95821f4ee980d31f6fce0488b855397159ba;org.apache.lucene.search.RemoteSearchableImpl;A
28eb95821f4ee980d31f6fce0488b855397159ba;org.apache.lucene.search.ScoreDoc;M
28eb95821f4ee980d31f6fce0488b855397159ba;org.apache.lucene.search.Searchable;M
28eb95821f4ee980d31f6fce0488b855397159ba;org.apache.lucene.search.TopDocs;M
28eb95821f4ee980d31f6fce0488b855397159ba;org.apache.lucene.search.TestRemoteSearchable;A
53f0f3b4fb071c1aa8042dc7d9dc937d83304c20;org.apache.lucene.document.Field;M
53f0f3b4fb071c1aa8042dc7d9dc937d83304c20;org.apache.lucene.index.IndexWriter;M
53f0f3b4fb071c1aa8042dc7d9dc937d83304c20;org.apache.lucene.search.BooleanClause;M
53f0f3b4fb071c1aa8042dc7d9dc937d83304c20;org.apache.lucene.search.BooleanQuery;M
53f0f3b4fb071c1aa8042dc7d9dc937d83304c20;org.apache.lucene.search.DateFilter;M
53f0f3b4fb071c1aa8042dc7d9dc937d83304c20;org.apache.lucene.search.IndexSearcher;M
53f0f3b4fb071c1aa8042dc7d9dc937d83304c20;org.apache.lucene.search.MultiSearcher;M
53f0f3b4fb071c1aa8042dc7d9dc937d83304c20;org.apache.lucene.search.PhraseQuery;M
53f0f3b4fb071c1aa8042dc7d9dc937d83304c20;org.apache.lucene.search.PrefixQuery;M
53f0f3b4fb071c1aa8042dc7d9dc937d83304c20;org.apache.lucene.search.RangeQuery;M
53f0f3b4fb071c1aa8042dc7d9dc937d83304c20;org.apache.lucene.search.ScoreDoc;M
53f0f3b4fb071c1aa8042dc7d9dc937d83304c20;org.apache.lucene.search.Searchable;A
53f0f3b4fb071c1aa8042dc7d9dc937d83304c20;org.apache.lucene.search.Searcher;M
53f0f3b4fb071c1aa8042dc7d9dc937d83304c20;org.apache.lucene.search.TermQuery;M
53f0f3b4fb071c1aa8042dc7d9dc937d83304c20;org.apache.lucene.search.TopDocs;M
53f0f3b4fb071c1aa8042dc7d9dc937d83304c20;org.apache.lucene.search.WildcardQuery;M
08c38ffbc4167d2e5bbd6c29eafc73e46174e5f4;org.apache.lucene.queryParser.TestQueryParser;M
6f3df5f59fdfba19759b58c30fabde75080df5a7;org.apache.lucene.queryParser.TestQueryParser;M
50d6da8ab9d5c6285bf1e845e9b104c39584a104;org.apache.lucene.search.Query;M
92ade30794760e224d5115346fa40d355c9f7006;org.apache.lucene.store.FSDirectory;M
ad73dd681fcaed937a625a8b0a233084be57f5fd;org.apache.lucene.document.Field;M
43f5e32b7e25cf20891c44ed1f5abed6cecf1e1f;org.apache.lucene.store.FSDirectory;M
8ab0396cfccdafe51e6b741ea8e35a6491e1aa09;org.apache.lucene.document.DateField;M
8ab0396cfccdafe51e6b741ea8e35a6491e1aa09;org.apache.lucene.document.Field;M
8ab0396cfccdafe51e6b741ea8e35a6491e1aa09;org.apache.lucene.queryParser.TestQueryParser;M
4cee88c43846ea3236814636259fae43c8d63de7;org.apache.lucene.store.FSDirectory;M
19a3915b3c6de1dbf17bbd371ad76db9b778ed9e;org.apache.lucene.search.Hits;M
4f2e3c4f3faff08659aa208ee5bcb987ea380ce4;org.apache.lucene.document.DateField;M
bd8c341d871bb0fc6d6b751472ed59f30260b98e;org.apache.lucene.index.TermPositions;M
a6d7df46a435fdfd60c1477e9dcc88b03ead4ea8;org.apache.lucene.util.TestPriorityQueue;M
a7bd647dd6c928777c941d144be55eeb238e6e80;org.apache.lucene.util.PriorityQueue;M
b70d10da84ab130b76705b6220fa49c40c64a4b5;org.apache.lucene.search.TestWildcard;M
04292ff88749bfabe8de5f59fa7c8381ee98927e;org.apache.lucene.search.TestDateFilter;M
7ac655d83aad9c9aee0e0843c434fabe7b930fdc;org.apache.lucene.search.TestDateFilter;M
7cb408e96477fdf28d0c74c5a3f3adf1c1f63b0c;org.apache.lucene.search.DateFilter;M
2a96b329a81f24bfd213e63bbcc41ed4957af478;org.apache.lucene.queryParser.TestQueryParser;M
a90504d2b63f72108b44c9ecc2b06aba4f2f6fe1;org.apache.lucene.index.FieldInfos;M
8c70a95b155c3799f44df651c0f995f503cea60d;org.apache.lucene.search.TestDateFilter;M
42077876499ed0e3a24ed00abe6fb214f0638e38;org.apache.lucene.search.TestDateFilter;A
1af480b290b067e3dd752993f05f3d3efbdf6ec0;org.apache.lucene.analysis.de.GermanAnalyzer;M
1af480b290b067e3dd752993f05f3d3efbdf6ec0;org.apache.lucene.analysis.de.WordlistLoader;M
197858c0d46b3fb403c53715e4642a32db62346d;org.apache.lucene.analysis.de.GermanStemFilter;M
a0c986fdf12d9493da2e997adda6d729791ea4fc;org.apache.lucene.search.TestWildcard;A
2122be3e73d996710c153ac0e162d1d43dec19c3;org.apache.lucene.analysis.LowerCaseTokenizer;M
c4a52eee84649efb925c78366299272a3db4f305;org.apache.lucene.search.WildcardTermEnum;M
95cf4fa216e3d876a7aa28126d6b92aff0e73153;org.apache.lucene.search.DateFilter;M
b5e628af32a6a0d52c06dcb8628ef1196d658a1d;org.apache.lucene.util.Constants;M
23389df13c67ffda9b7867deb8dfd23e19683bf3;org.apache.lucene.queryParser.MultiFieldQueryParser;M
55a0477891dd1dfea8b10228ae5dbcc29df0ed1f;org.apache.lucene.search.MultiSearcher;M
02bc68cb6001bf6082ca5f26962a447b6943a62a;org.apache.lucene.store.FSDirectory;M
e4406462578c955ba27a7eff3f1074af71d8b481;org.apache.lucene.queryParser.MultiFieldQueryParser;A
cfd243c6d313615543f8b9357d96126cf2643abe;org.apache.lucene.analysis.standard.StandardAnalyzer;M
5c75b8623fe08f045e00ea9cfcbc8c413bd27f35;org.apache.lucene.analysis.standard.StandardAnalyzer;M
ef902b7ecd896c9708ddf922ef998541981d5461;org.apache.lucene.search.Query;M
dabd5e449f673f502a8705370162c5aa6bdf778d;org.apache.lucene.analysis.PorterStemFilter;M
6f968662e972ffb5ce40226ae11cc141eabd370c;org.apache.lucene.search.Query;M
b433d6c17432a028be049d91dd831eb913dd213b;org.apache.lucene.search.MultiTermQuery;M
7e7d8c6ac0a11f826b617eec9987d02ad3bb717b;org.apache.lucene.search.PhraseQuery;M
7e7d8c6ac0a11f826b617eec9987d02ad3bb717b;org.apache.lucene.queryParser.TestQueryParser;M
1ec9086829e0ffc63c8e1ffa52e71e5b73877a0b;org.apache.lucene.index.IndexReader;M
64adb5744903cf8ffa6b8e476801e6f928c76122;org.apache.lucene.index.Term;M
2a801b7e7d085653c1f874a0204b4611689b0be5;org.apache.lucene.analysis.WhitespaceTokenizer;M
e00dabf7b1421e47370d24fc3638f7ff75bc1bc4;org.apache.lucene.analysis.LetterTokenizer;M
e00dabf7b1421e47370d24fc3638f7ff75bc1bc4;org.apache.lucene.analysis.LowerCaseTokenizer;M
e00dabf7b1421e47370d24fc3638f7ff75bc1bc4;org.apache.lucene.analysis.WhitespaceTokenizer;M
80f9f1db38568ccad423143a9624a429c484cd91;org.apache.lucene.store.FSDirectory;M
3e7f46010e8c66272771811557f2fbfd3f849a23;org.apache.lucene.analysis.de.GermanStemmer;M
9bd57fb82a74d5c63af4b061c83771cd9018b7fd;org.apache.lucene.analysis.standard.ParseException;M
9bd57fb82a74d5c63af4b061c83771cd9018b7fd;org.apache.lucene.index.IndexReader;M
9bd57fb82a74d5c63af4b061c83771cd9018b7fd;org.apache.lucene.search.BooleanClause;M
9bd57fb82a74d5c63af4b061c83771cd9018b7fd;org.apache.lucene.search.BooleanQuery;M
9bd57fb82a74d5c63af4b061c83771cd9018b7fd;org.apache.lucene.search.IndexSearcher;M
9bd57fb82a74d5c63af4b061c83771cd9018b7fd;org.apache.lucene.search.MultiSearcher;M
9bd57fb82a74d5c63af4b061c83771cd9018b7fd;org.apache.lucene.search.Searcher;M
9bd57fb82a74d5c63af4b061c83771cd9018b7fd;org.apache.lucene.store.Lock;M
55ce2ae185bc1670843d6f341ff9abc16ec6fd07;org.apache.lucene.index.SegmentsReader;M
6796f04a734412d6d04cbb79f06f3f6d31d17c51;org.apache.lucene.index.SegmentTermPositions;M
64943029fa827035dabf2e1d7418cc036184fb56;org.apache.lucene.index.IndexReader;M
64943029fa827035dabf2e1d7418cc036184fb56;org.apache.lucene.index.IndexWriter;M
64943029fa827035dabf2e1d7418cc036184fb56;org.apache.lucene.index.SegmentReader;M
64943029fa827035dabf2e1d7418cc036184fb56;org.apache.lucene.index.SegmentsReader;M
d2e34a5fb9ea3563f03b8502aaced81ee4fdd843;org.apache.lucene.index.Term;M
d2e34a5fb9ea3563f03b8502aaced81ee4fdd843;org.apache.lucene.search.Query;M
60817cb719316ddb58bdd262ba8faf3e4a1e5c6a;org.apache.lucene.index.IndexWriter;M
d5f1f175fc7baf47957eaf20522c467900298aea;org.apache.lucene.queryParser.TestQueryParser;M
d5f1f175fc7baf47957eaf20522c467900298aea;org.apache.lucene.util.TestPriorityQueue;M
0d109d7705367d26ba96ce5fefcc6de4f89d8ff7;org.apache.lucene.index.IndexWriter;M
7f8618e5decd4ce350c78ea8c50ad509881d53a7;org.apache.lucene.search.MultiTermQuery;M
e120b8bd512967bb0c683f64d45546f5c617b548;org.apache.lucene.DeleteFiles;D
e120b8bd512967bb0c683f64d45546f5c617b548;org.apache.lucene.FileDocument;D
e120b8bd512967bb0c683f64d45546f5c617b548;org.apache.lucene.HTMLDocument;D
e120b8bd512967bb0c683f64d45546f5c617b548;org.apache.lucene.HTMLParser.Entities;D
e120b8bd512967bb0c683f64d45546f5c617b548;org.apache.lucene.HTMLParser.ParserThread;D
e120b8bd512967bb0c683f64d45546f5c617b548;org.apache.lucene.HTMLParser.Test;D
e120b8bd512967bb0c683f64d45546f5c617b548;org.apache.lucene.IndexFiles;D
e120b8bd512967bb0c683f64d45546f5c617b548;org.apache.lucene.IndexHTML;D
e120b8bd512967bb0c683f64d45546f5c617b548;org.apache.lucene.SearchFiles;D
e120b8bd512967bb0c683f64d45546f5c617b548;org.apache.lucene.demo.DeleteFiles;A
e120b8bd512967bb0c683f64d45546f5c617b548;org.apache.lucene.demo.FileDocument;A
e120b8bd512967bb0c683f64d45546f5c617b548;org.apache.lucene.demo.HTMLDocument;A
e120b8bd512967bb0c683f64d45546f5c617b548;org.apache.lucene.demo.IndexFiles;A
e120b8bd512967bb0c683f64d45546f5c617b548;org.apache.lucene.demo.IndexHTML;A
e120b8bd512967bb0c683f64d45546f5c617b548;org.apache.lucene.demo.SearchFiles;A
e120b8bd512967bb0c683f64d45546f5c617b548;org.apache.lucene.demo.html.Entities;A
e120b8bd512967bb0c683f64d45546f5c617b548;org.apache.lucene.demo.html.ParserThread;A
e120b8bd512967bb0c683f64d45546f5c617b548;org.apache.lucene.demo.html.Test;A
d0473acefc066148991310b39e27c38091860334;org.apache.lucene.analysis.TestAnalyzers;M
d0473acefc066148991310b39e27c38091860334;org.apache.lucene.queryParser.TestQueryParser;M
2ae22a31e362c283a9b1a58621bd51512c1d5741;org.apache.lucene.analysis.CharTokenizer;A
2ae22a31e362c283a9b1a58621bd51512c1d5741;org.apache.lucene.analysis.LetterTokenizer;M
2ae22a31e362c283a9b1a58621bd51512c1d5741;org.apache.lucene.analysis.LowerCaseTokenizer;M
2ae22a31e362c283a9b1a58621bd51512c1d5741;org.apache.lucene.analysis.NullAnalyzer;D
2ae22a31e362c283a9b1a58621bd51512c1d5741;org.apache.lucene.analysis.NullTokenizer;D
2ae22a31e362c283a9b1a58621bd51512c1d5741;org.apache.lucene.analysis.WhitespaceAnalyzer;A
2ae22a31e362c283a9b1a58621bd51512c1d5741;org.apache.lucene.analysis.WhitespaceTokenizer;A
65ead57f1c807d86cc3b35b5f54c3a51daa45d5b;org.apache.lucene.index.IndexReader;M
65ead57f1c807d86cc3b35b5f54c3a51daa45d5b;org.apache.lucene.index.SegmentReader;M
65ead57f1c807d86cc3b35b5f54c3a51daa45d5b;org.apache.lucene.index.SegmentTermDocs;M
65ead57f1c807d86cc3b35b5f54c3a51daa45d5b;org.apache.lucene.index.SegmentTermPositions;M
65ead57f1c807d86cc3b35b5f54c3a51daa45d5b;org.apache.lucene.index.SegmentsTermDocs;M
65ead57f1c807d86cc3b35b5f54c3a51daa45d5b;org.apache.lucene.index.SegmentsReader;M
65ead57f1c807d86cc3b35b5f54c3a51daa45d5b;org.apache.lucene.index.SegmentsTermPositions;M
65ead57f1c807d86cc3b35b5f54c3a51daa45d5b;org.apache.lucene.index.TermDocs;M
65ead57f1c807d86cc3b35b5f54c3a51daa45d5b;org.apache.lucene.index.TermEnum;M
65ead57f1c807d86cc3b35b5f54c3a51daa45d5b;org.apache.lucene.search.DateFilter;M
1fa4fa82d125974f235cb43e0cad886982850367;org.apache.lucene.analysis.NullAnalyzer;A
1fa4fa82d125974f235cb43e0cad886982850367;org.apache.lucene.analysis.NullTokenizer;A
1fa4fa82d125974f235cb43e0cad886982850367;org.apache.lucene.analysis.TestAnalyzers;M
1fa4fa82d125974f235cb43e0cad886982850367;org.apache.lucene.queryParser.TestQueryParser;M
ae45d392f8d3b99c7b8ab51f8eca1ee5bb3840af;org.apache.lucene.search.MultiTermQuery;M
ae45d392f8d3b99c7b8ab51f8eca1ee5bb3840af;org.apache.lucene.search.PhraseQuery;M
ae45d392f8d3b99c7b8ab51f8eca1ee5bb3840af;org.apache.lucene.search.PrefixQuery;M
ae45d392f8d3b99c7b8ab51f8eca1ee5bb3840af;org.apache.lucene.search.Query;M
ae45d392f8d3b99c7b8ab51f8eca1ee5bb3840af;org.apache.lucene.search.RangeQuery;M
ae45d392f8d3b99c7b8ab51f8eca1ee5bb3840af;org.apache.lucene.search.TermQuery;M
ae45d392f8d3b99c7b8ab51f8eca1ee5bb3840af;org.apache.lucene.queryParser.TestQueryParser;M
9f805c7d1d7395f67e73a485006f48475fd200d2;org.apache.lucene.queryParser.TestQueryParser;M
021e328676b4cc8c3099b2f89b291fc15c25ba46;org.apache.lucene.SearchFiles;M
77139e26a17a8567650bb144c8f4b52d62c90b39;org.apache.lucene.index.IndexReader;M
0c7b18a9295a9a9f5fe3405de02f08fccddb2aea;org.apache.lucene.index.TermDocs;M
0c7b18a9295a9a9f5fe3405de02f08fccddb2aea;org.apache.lucene.index.TermPositions;M
d17defd73b3b6f7dfbffd8bb07d26b4f097b2b70;org.apache.lucene.index.IndexReader;M
89a554ffab239c0118ccd454d76cdf714d793911;org.apache.lucene.analysis.de.GermanAnalyzer;M
89a554ffab239c0118ccd454d76cdf714d793911;org.apache.lucene.analysis.de.GermanStemFilter;M
89a554ffab239c0118ccd454d76cdf714d793911;org.apache.lucene.analysis.de.GermanStemmer;M
89a554ffab239c0118ccd454d76cdf714d793911;org.apache.lucene.analysis.de.WordlistLoader;M
c05b8e334b1fa224a9daf3473396ce0687ea630d;org.apache.lucene.document.Field;M
e1561b70fac2179fdee10b5e8d39624a9ff60f0e;org.apache.lucene.analysis.TestAnalyzers;A
e1561b70fac2179fdee10b5e8d39624a9ff60f0e;org.apache.lucene.queryParser.TestQueryParser;M
f6f1683dd504d5a2bf1636564f54d48c40b603fe;org.apache.lucene.util.PriorityQueueTest;D
f6f1683dd504d5a2bf1636564f54d48c40b603fe;org.apache.lucene.util.TestPriorityQueue;A
49bd4164b806460288762243aaa3ae2dec3d8022;org.apache.lucene.index.FieldInfos;M
49bd4164b806460288762243aaa3ae2dec3d8022;org.apache.lucene.SearchTest;M
49bd4164b806460288762243aaa3ae2dec3d8022;org.apache.lucene.SearchTestForDuplicates;M
49bd4164b806460288762243aaa3ae2dec3d8022;org.apache.lucene.StoreTest;M
49bd4164b806460288762243aaa3ae2dec3d8022;org.apache.lucene.index.TermInfosTest;M
49bd4164b806460288762243aaa3ae2dec3d8022;org.apache.lucene.util.PriorityQueueTest;M
584d2b394b02f65934554fe2cb9dfec556f32ffa;org.apache.lucene.queryParser.FastCharStream;A
584d2b394b02f65934554fe2cb9dfec556f32ffa;org.apache.lucene.queryParser.TestQueryParser;M
992d1ade00b9a37596aa28eb8c4dfba252259dd2;org.apache.lucene.store.RAMInputStream;M
b91b113e861457fc38029306fc2f39e3a04d0c17;org.apache.lucene.index.IndexWriter;M
1c31f33cce5c38559678859ebbc955b2f427f1b3;org.apache.lucene.HighFreqTerms;M
2a5c45947dd64cf28782d43e298cd3e07748a0c9;org.apache.lucene.index.SegmentsReader;M
6369c5a8848880ba4494c469c2eb98ed63f755db;org.apache.lucene.store.FSDirectory;M
4c3e4ce6858eac61a94c913813ea1fefe31c76a2;org.apache.lucene.search.RangeQuery;M
e9161ac36535b27b439da0dfd2c2338b892882ea;org.apache.lucene.index.SegmentTermEnum;M
4e72b89a909aa25ba4ca764e43f7d186fa97a20a;org.apache.lucene.search.BooleanQuery;M
0722fd1407dd7d3066a042f7a1bfaaf32ef78928;org.apache.lucene.store.FSDirectory;M
0722fd1407dd7d3066a042f7a1bfaaf32ef78928;org.apache.lucene.util.Constants;A
58bcd780a9a37d81dfcb6f4f17acccaddc03a438;org.apache.lucene.index.IndexReader;M
58bcd780a9a37d81dfcb6f4f17acccaddc03a438;org.apache.lucene.index.IndexWriter;M
58bcd780a9a37d81dfcb6f4f17acccaddc03a438;org.apache.lucene.index.SegmentReader;M
58bcd780a9a37d81dfcb6f4f17acccaddc03a438;org.apache.lucene.store.Directory;M
58bcd780a9a37d81dfcb6f4f17acccaddc03a438;org.apache.lucene.store.FSOutputStream;M
58bcd780a9a37d81dfcb6f4f17acccaddc03a438;org.apache.lucene.store.FSDirectory;M
58bcd780a9a37d81dfcb6f4f17acccaddc03a438;org.apache.lucene.store.Lock;A
58bcd780a9a37d81dfcb6f4f17acccaddc03a438;org.apache.lucene.store.RAMDirectory;M
58bcd780a9a37d81dfcb6f4f17acccaddc03a438;org.apache.lucene.ThreadSafetyTest;M
7a28132692fe7bb6e3109a1fa69be2edf3662c94;org.apache.lucene.search.RangeQuery;A
cf3414a123d530fa9a978c876192083cb2ae1fc0;org.apache.lucene.search.HitCollector;M
cf3414a123d530fa9a978c876192083cb2ae1fc0;org.apache.lucene.search.IndexSearcher;M
cf3414a123d530fa9a978c876192083cb2ae1fc0;org.apache.lucene.search.MultiSearcher;M
cf3414a123d530fa9a978c876192083cb2ae1fc0;org.apache.lucene.search.Searcher;M
4b0fe4cfa22967f105bd76ca3f92741885df16bf;org.apache.lucene.analysis.Analyzer;M
53b8f808b42ecc757f9986a91f351947f7ff085d;org.apache.lucene.analysis.de.GermanAnalyzer;A
53b8f808b42ecc757f9986a91f351947f7ff085d;org.apache.lucene.analysis.de.GermanStemFilter;A
53b8f808b42ecc757f9986a91f351947f7ff085d;org.apache.lucene.analysis.de.GermanStemmer;A
53b8f808b42ecc757f9986a91f351947f7ff085d;org.apache.lucene.analysis.de.WordlistLoader;A
864293c622721bdc2f290929e005f46b32779599;demo.HTMLParser.Entities;D
864293c622721bdc2f290929e005f46b32779599;org.apache.lucene.HTMLParser.Entities;A
bd3948c539ec1065db8b05b433ea55dbf844ff27;org.apache.lucene.DeleteFiles;A
bd3948c539ec1065db8b05b433ea55dbf844ff27;org.apache.lucene.FileDocument;A
bd3948c539ec1065db8b05b433ea55dbf844ff27;org.apache.lucene.HTMLDocument;A
bd3948c539ec1065db8b05b433ea55dbf844ff27;demo.HTMLParser.Entities;A
bd3948c539ec1065db8b05b433ea55dbf844ff27;org.apache.lucene.HTMLParser.ParserThread;A
bd3948c539ec1065db8b05b433ea55dbf844ff27;org.apache.lucene.HTMLParser.Test;A
bd3948c539ec1065db8b05b433ea55dbf844ff27;org.apache.lucene.IndexFiles;A
bd3948c539ec1065db8b05b433ea55dbf844ff27;org.apache.lucene.IndexHTML;A
bd3948c539ec1065db8b05b433ea55dbf844ff27;org.apache.lucene.SearchFiles;A
bd3948c539ec1065db8b05b433ea55dbf844ff27;org.apache.lucene.analysis.Analyzer;A
bd3948c539ec1065db8b05b433ea55dbf844ff27;org.apache.lucene.analysis.LetterTokenizer;A
bd3948c539ec1065db8b05b433ea55dbf844ff27;org.apache.lucene.analysis.LowerCaseFilter;A
bd3948c539ec1065db8b05b433ea55dbf844ff27;org.apache.lucene.analysis.LowerCaseTokenizer;A
bd3948c539ec1065db8b05b433ea55dbf844ff27;org.apache.lucene.analysis.PorterStemFilter;A
bd3948c539ec1065db8b05b433ea55dbf844ff27;org.apache.lucene.analysis.PorterStemmer;A
bd3948c539ec1065db8b05b433ea55dbf844ff27;org.apache.lucene.analysis.SimpleAnalyzer;A
bd3948c539ec1065db8b05b433ea55dbf844ff27;org.apache.lucene.analysis.StopAnalyzer;A
bd3948c539ec1065db8b05b433ea55dbf844ff27;org.apache.lucene.analysis.StopFilter;A
bd3948c539ec1065db8b05b433ea55dbf844ff27;org.apache.lucene.analysis.Token;A
bd3948c539ec1065db8b05b433ea55dbf844ff27;org.apache.lucene.analysis.TokenFilter;A
bd3948c539ec1065db8b05b433ea55dbf844ff27;org.apache.lucene.analysis.TokenStream;A
bd3948c539ec1065db8b05b433ea55dbf844ff27;org.apache.lucene.analysis.Tokenizer;A
bd3948c539ec1065db8b05b433ea55dbf844ff27;org.apache.lucene.analysis.standard.FastCharStream;A
bd3948c539ec1065db8b05b433ea55dbf844ff27;org.apache.lucene.analysis.standard.ParseException;A
bd3948c539ec1065db8b05b433ea55dbf844ff27;org.apache.lucene.analysis.standard.StandardAnalyzer;A
bd3948c539ec1065db8b05b433ea55dbf844ff27;org.apache.lucene.analysis.standard.StandardFilter;A
bd3948c539ec1065db8b05b433ea55dbf844ff27;org.apache.lucene.document.DateField;A
bd3948c539ec1065db8b05b433ea55dbf844ff27;org.apache.lucene.document.Document;A
bd3948c539ec1065db8b05b433ea55dbf844ff27;org.apache.lucene.document.DocumentFieldList;A
bd3948c539ec1065db8b05b433ea55dbf844ff27;org.apache.lucene.document.DocumentFieldEnumeration;A
bd3948c539ec1065db8b05b433ea55dbf844ff27;org.apache.lucene.document.Field;A
bd3948c539ec1065db8b05b433ea55dbf844ff27;org.apache.lucene.index.DocumentWriter;A
bd3948c539ec1065db8b05b433ea55dbf844ff27;org.apache.lucene.index.Posting;A
bd3948c539ec1065db8b05b433ea55dbf844ff27;org.apache.lucene.index.FieldInfo;A
bd3948c539ec1065db8b05b433ea55dbf844ff27;org.apache.lucene.index.FieldInfos;A
bd3948c539ec1065db8b05b433ea55dbf844ff27;org.apache.lucene.index.FieldsReader;A
bd3948c539ec1065db8b05b433ea55dbf844ff27;org.apache.lucene.index.FieldsWriter;A
bd3948c539ec1065db8b05b433ea55dbf844ff27;org.apache.lucene.index.IndexReader;A
bd3948c539ec1065db8b05b433ea55dbf844ff27;org.apache.lucene.index.IndexWriter;A
bd3948c539ec1065db8b05b433ea55dbf844ff27;org.apache.lucene.index.SegmentInfo;A
bd3948c539ec1065db8b05b433ea55dbf844ff27;org.apache.lucene.index.SegmentInfos;A
bd3948c539ec1065db8b05b433ea55dbf844ff27;org.apache.lucene.index.SegmentMergeInfo;A
bd3948c539ec1065db8b05b433ea55dbf844ff27;org.apache.lucene.index.SegmentMergeQueue;A
bd3948c539ec1065db8b05b433ea55dbf844ff27;org.apache.lucene.index.SegmentMerger;A
bd3948c539ec1065db8b05b433ea55dbf844ff27;org.apache.lucene.index.SegmentReader;A
bd3948c539ec1065db8b05b433ea55dbf844ff27;org.apache.lucene.index.SegmentTermDocs;A
bd3948c539ec1065db8b05b433ea55dbf844ff27;org.apache.lucene.index.SegmentTermEnum;A
bd3948c539ec1065db8b05b433ea55dbf844ff27;org.apache.lucene.index.SegmentTermPositions;A
bd3948c539ec1065db8b05b433ea55dbf844ff27;org.apache.lucene.index.SegmentsReader;A
bd3948c539ec1065db8b05b433ea55dbf844ff27;org.apache.lucene.index.SegmentsTermEnum;A
bd3948c539ec1065db8b05b433ea55dbf844ff27;org.apache.lucene.index.SegmentsTermDocs;A
bd3948c539ec1065db8b05b433ea55dbf844ff27;org.apache.lucene.index.SegmentsTermPositions;A
bd3948c539ec1065db8b05b433ea55dbf844ff27;org.apache.lucene.index.Term;A
bd3948c539ec1065db8b05b433ea55dbf844ff27;org.apache.lucene.index.TermDocs;A
bd3948c539ec1065db8b05b433ea55dbf844ff27;org.apache.lucene.index.TermEnum;A
bd3948c539ec1065db8b05b433ea55dbf844ff27;org.apache.lucene.index.TermInfo;A
bd3948c539ec1065db8b05b433ea55dbf844ff27;org.apache.lucene.index.TermInfosReader;A
bd3948c539ec1065db8b05b433ea55dbf844ff27;org.apache.lucene.index.TermInfosWriter;A
bd3948c539ec1065db8b05b433ea55dbf844ff27;org.apache.lucene.index.TermPositions;A
bd3948c539ec1065db8b05b433ea55dbf844ff27;org.apache.lucene.search.BooleanClause;A
bd3948c539ec1065db8b05b433ea55dbf844ff27;org.apache.lucene.search.BooleanQuery;A
bd3948c539ec1065db8b05b433ea55dbf844ff27;org.apache.lucene.search.BooleanScorer;A
bd3948c539ec1065db8b05b433ea55dbf844ff27;org.apache.lucene.search.DateFilter;A
bd3948c539ec1065db8b05b433ea55dbf844ff27;org.apache.lucene.search.ExactPhraseScorer;A
bd3948c539ec1065db8b05b433ea55dbf844ff27;org.apache.lucene.search.Filter;A
bd3948c539ec1065db8b05b433ea55dbf844ff27;org.apache.lucene.search.FilteredTermEnum;A
bd3948c539ec1065db8b05b433ea55dbf844ff27;org.apache.lucene.search.FuzzyQuery;A
bd3948c539ec1065db8b05b433ea55dbf844ff27;org.apache.lucene.search.FuzzyTermEnum;A
bd3948c539ec1065db8b05b433ea55dbf844ff27;org.apache.lucene.search.HitCollector;A
bd3948c539ec1065db8b05b433ea55dbf844ff27;org.apache.lucene.search.HitQueue;A
bd3948c539ec1065db8b05b433ea55dbf844ff27;org.apache.lucene.search.Hits;A
bd3948c539ec1065db8b05b433ea55dbf844ff27;org.apache.lucene.search.HitDoc;A
bd3948c539ec1065db8b05b433ea55dbf844ff27;org.apache.lucene.search.IndexSearcher;A
bd3948c539ec1065db8b05b433ea55dbf844ff27;org.apache.lucene.search.MultiSearcher;A
bd3948c539ec1065db8b05b433ea55dbf844ff27;org.apache.lucene.search.MultiTermQuery;A
bd3948c539ec1065db8b05b433ea55dbf844ff27;org.apache.lucene.search.PhrasePositions;A
bd3948c539ec1065db8b05b433ea55dbf844ff27;org.apache.lucene.search.PhraseQuery;A
bd3948c539ec1065db8b05b433ea55dbf844ff27;org.apache.lucene.search.PhraseQueue;A
bd3948c539ec1065db8b05b433ea55dbf844ff27;org.apache.lucene.search.PhraseScorer;A
bd3948c539ec1065db8b05b433ea55dbf844ff27;org.apache.lucene.search.PrefixQuery;A
bd3948c539ec1065db8b05b433ea55dbf844ff27;org.apache.lucene.search.Query;A
bd3948c539ec1065db8b05b433ea55dbf844ff27;org.apache.lucene.search.ScoreDoc;A
bd3948c539ec1065db8b05b433ea55dbf844ff27;org.apache.lucene.search.Scorer;A
bd3948c539ec1065db8b05b433ea55dbf844ff27;org.apache.lucene.search.Searcher;A
bd3948c539ec1065db8b05b433ea55dbf844ff27;org.apache.lucene.search.Similarity;A
bd3948c539ec1065db8b05b433ea55dbf844ff27;org.apache.lucene.search.SloppyPhraseScorer;A
bd3948c539ec1065db8b05b433ea55dbf844ff27;org.apache.lucene.search.TermQuery;A
bd3948c539ec1065db8b05b433ea55dbf844ff27;org.apache.lucene.search.TermScorer;A
bd3948c539ec1065db8b05b433ea55dbf844ff27;org.apache.lucene.search.TopDocs;A
bd3948c539ec1065db8b05b433ea55dbf844ff27;org.apache.lucene.search.WildcardQuery;A
bd3948c539ec1065db8b05b433ea55dbf844ff27;org.apache.lucene.search.WildcardTermEnum;A
bd3948c539ec1065db8b05b433ea55dbf844ff27;org.apache.lucene.store.Directory;A
bd3948c539ec1065db8b05b433ea55dbf844ff27;org.apache.lucene.store.FSDirectory;A
bd3948c539ec1065db8b05b433ea55dbf844ff27;org.apache.lucene.store.FSInputStream;A
bd3948c539ec1065db8b05b433ea55dbf844ff27;org.apache.lucene.store.FSOutputStream;A
bd3948c539ec1065db8b05b433ea55dbf844ff27;org.apache.lucene.store.InputStream;A
bd3948c539ec1065db8b05b433ea55dbf844ff27;org.apache.lucene.store.OutputStream;A
bd3948c539ec1065db8b05b433ea55dbf844ff27;org.apache.lucene.store.RAMDirectory;A
bd3948c539ec1065db8b05b433ea55dbf844ff27;org.apache.lucene.store.RAMInputStream;A
bd3948c539ec1065db8b05b433ea55dbf844ff27;org.apache.lucene.store.RAMOutputStream;A
bd3948c539ec1065db8b05b433ea55dbf844ff27;org.apache.lucene.store.RAMFile;A
bd3948c539ec1065db8b05b433ea55dbf844ff27;org.apache.lucene.util.Arrays;A
bd3948c539ec1065db8b05b433ea55dbf844ff27;org.apache.lucene.util.BitVector;A
bd3948c539ec1065db8b05b433ea55dbf844ff27;org.apache.lucene.util.PriorityQueue;A
bd3948c539ec1065db8b05b433ea55dbf844ff27;org.apache.lucene.AnalysisTest;A
bd3948c539ec1065db8b05b433ea55dbf844ff27;org.apache.lucene.HighFreqTerms;A
bd3948c539ec1065db8b05b433ea55dbf844ff27;org.apache.lucene.TermInfo;A
bd3948c539ec1065db8b05b433ea55dbf844ff27;org.apache.lucene.TermInfoQueue;A
bd3948c539ec1065db8b05b433ea55dbf844ff27;org.apache.lucene.IndexTest;A
bd3948c539ec1065db8b05b433ea55dbf844ff27;org.apache.lucene.SearchTest;A
bd3948c539ec1065db8b05b433ea55dbf844ff27;org.apache.lucene.SearchTestForDuplicates;A
bd3948c539ec1065db8b05b433ea55dbf844ff27;org.apache.lucene.StoreTest;A
bd3948c539ec1065db8b05b433ea55dbf844ff27;org.apache.lucene.ThreadSafetyTest;A
bd3948c539ec1065db8b05b433ea55dbf844ff27;org.apache.lucene.index.DocTest;A
bd3948c539ec1065db8b05b433ea55dbf844ff27;org.apache.lucene.index.TermInfosTest;A
bd3948c539ec1065db8b05b433ea55dbf844ff27;org.apache.lucene.queryParser.TestQueryParser;A
bd3948c539ec1065db8b05b433ea55dbf844ff27;org.apache.lucene.util.PriorityQueueTest;A
